xHandle,displayName,walletAddress,followers,ethosScore,totalSupply,uniqueCollectors,collectorDensity,commonSupply,rareSupply,legendarySupply,totalXeetsAllTime,totalXeetsExclXeetsgiving,organicXeetsCompetitive,cancelledXeets,competitiveTournamentCount,casualEntryCount,avgDifficultyAdjustedPercentile,medianDifficultyAdjustedPercentile,signalRatioAvg,cryptoCreatorRank,cryptoCreatorXeets,multiplierBreadth,nicheDiversity,bestRank,avgRankCompetitive,osFloorCommon,xeetFloorCommon,lastSalePriceCommon,bestOfferCommon,xeetListingsCommon,osListingsCommon,osFloorRare,xeetFloorRare,lastSalePriceRare,bestOfferRare,xeetListingsRare,osListingsRare,osFloorLegendary,xeetFloorLegendary,lastSalePriceLegendary,bestOfferLegendary,xeetListingsLegendary,osListingsLegendary,rarityPremiumRatio,ethSaleCount,ethSaleVolume,uniqueBuyers,daysSinceLastSale,highestSaleCommon,highestSaleRare,highestSaleLegendary,priceTrajectory,saleVelocity30d,buyerConcentration,ownCardsHeld,totalCardsHeld,deckReachScore,deckReachRank,xeetBalance
bearish_af,BEARISH,0x0f34d9c4e01f9f350536780fd1fbc05aa3e3403d,66669.0,1314.0,61,55,0.9016,48,11,2,0.0,0.0,0.0,0.0,0,0,,,,,,0,0,,,,,0.008,0.028,0,0,,,,0.028,0,0,5.0,,,0.028,0,1,,4,0.038000000000000006,1,16.0,0.01,,,-0.0021449790165232224,1,0.25,0,0,36.3,482.0,0
tolibear_,toli,0x0f34d9c4e01f9f350536780fd1fbc05aa3e3403d,30016.0,1395.0,106,96,0.9057,96,10,0,1334.615722,1324.437704,1237.654825,0.0,3,5,0.8368936540599909,0.835920177383592,0.6456898832005131,28688.0,121.426108,1,4,74.0,9646.333333333334,0.0669,1500.0,,0.028,3,4,0.8129999,,,0.028,0,1,,,,0.028,0,0,12.152464872944693,0,0.0,0,,,,,,0,,0,0,36.3,482.0,866
iiamthatguyy,Anthony prev (The Honored One),0x5e9a585a640a2279b8cdc275e06094fd3eef6529,1189.0,1212.0,1,0,0.0,0,1,0,210.948977,210.948977,210.93241799999998,0.0,1,2,0.9472214796994267,0.9472214796994267,0.9207232242509067,,,0,1,1777.0,1777.0,0.005,200.0,0.0006,0.028,1,2,,,,0.028,0,0,,,,0.028,0,0,,2,0.0015999999999999999,2,22.0,0.001,,,,1,1.0,1,1,0.3,1017.0,4
CelticMatheus,Matheus Celtic,0x921452dbf7b05b10d897cb613ec9451120ef5493,37578.0,1535.0,1,0,0.0,0,1,0,1650.7296629999998,1650.7296629999998,1523.2713259999998,0.0,2,3,0.8955608247964579,0.8955608247964579,0.4717940369651161,1344.0,1471.674746,0,3,1344.0,3936.0,,,,0.028,0,0,,,,0.028,0,0,,,,0.028,0,0,,0,0.0,0,,,,,,0,,0,0,,,0
Airdrops_one,Grey Ledger,0x6288490c52bdef8fbf0d0b32b085dfe8d2285f71,145243.0,1246.0,15,14,0.9333,14,1,0,71.055899,71.055899,31.040588999999997,0.0,1,3,0.9365588523567674,0.9365588523567674,0.8673293216182205,,,0,2,2136.0,2136.0,0.003,,0.0008,0.028,0,1,,,,0.028,0,0,,,,0.028,0,0,,2,0.0014,2,0.0,0.0008,,,,1,1.0,0,0,,,114
manyaaww,manya,0xd4418418f6673b48e1828f539bed0340f78114e1,14599.0,1288.0,10,9,0.9,9,1,0,2355.275309,2355.275309,2261.213614,0.0,5,5,0.9771622357956359,0.97361423604009,0.728477245783948,730.0,1807.518076,0,4,65.0,478.6,,12000.0,,0.028,1,0,,,,0.028,0,0,,,,0.028,0,0,,0,0.0,0,,,,,,0,,0,0,,,2477
dachshundwizard,DachshundWizard 🧙‍♂️,0xf098f32faa2ed72562b877147212f24c6131d5a7,49965.0,1670.0,20,19,0.95,19,1,0,1880.90091,1880.90091,1856.807375,0.0,1,3,0.992381908426747,0.992381908426747,0.951753102014688,683.0,1856.807375,0,3,683.0,683.0,,,,0.028,0,0,,,,0.028,0,0,,,,0.028,0,0,,0,0.0,0,,,,,,0,,0,0,,,2225
nashahmed3,Nash,0x0668c42228da1d3600a33e6109f109571fc121cc,11152.0,1271.0,12,11,0.9167,11,1,0,689.83542,689.83542,689.83542,0.0,2,0,0.8705751784565398,0.8705751784565398,0.5080011110624134,7800.0,635.223382,0,1,5786.0,6793.0,0.0659899999999,,,0.028,0,1,,,,0.028,0,0,,,,0.028,0,0,,0,0.0,0,,,,,,0,,0,0,,,705
bigwil,bigwil,0x3e21902e4b15b266299674c5d6c36053a71d7344,13388.0,1532.0,18,17,0.9444,16,2,0,1206.493692,1206.493692,1206.0808920000002,0.0,2,1,0.9308710636409343,0.9308710636409343,0.6469724641666796,2788.0,1118.114412,0,1,2788.0,3198.0,,,,0.028,0,0,,,,0.028,0,0,,,,0.028,0,0,,0,0.0,0,,,,,,0,,0,0,,,1623
fud_berry,berry,0x907444f6bc41f9859e9378447a2abfcc4abffb34,33231.0,1216.0,17,9,0.5294,16,1,0,3.852729,3.852729,0.0,0.0,0,1,,,,,,0,1,,,0.00114,100.0,0.0011,0.028,6,3,,,,0.028,0,0,,,,0.028,0,0,,6,0.0044,3,0.0,0.0011,,,0.0002846738074359763,4,0.5,0,0,,,92
Houseofyogi,Yogi,0xb429d44ab9d6939a8c58945a86e6a02d8d0fb8e2,36902.0,1410.0,10,9,0.9,9,1,0,2809.8809459999998,2797.193692,2797.193692,0.0,3,0,0.9768750752948461,0.9702396863583712,0.9244136031637945,312.0,2265.284289,0,2,43.0,452.3333333333333,,,,0.028,0,0,,,,0.028,0,0,,,,0.028,0,0,,0,0.0,0,,,,,,0,,0,0,,,56888
voxelqueen,VQ,0xaacafd8fad0e782c2adee5c1a64cdd522d59b9db,13385.0,1474.0,8,7,0.875,7,1,0,277.693377,277.693377,258.164276,0.0,2,2,0.7940580441287173,0.7940580441287173,0.5311559072338822,22415.0,201.515008,0,2,5450.0,13932.5,0.0055,,,0.028,0,1,,,,0.028,0,0,,,,0.028,0,0,,0,0.0,0,,,,,,0,,0,0,,,292
Mide_ox,X,0x4056960463af5cc5b21d5623cf0d561998b8e4bd,8902.0,1388.0,17,15,0.8824,16,1,0,854.995494,854.995494,667.009716,0.0,3,2,0.8918545846359024,0.8861859349729518,0.5350094834522485,10204.0,507.590545,0,2,383.0,4357.666666666667,0.00989989991,,0.0005,0.028,0,2,,,,0.028,0,0,,,,0.028,0,0,,2,0.0013,2,1.0,0.0008,,,,1,1.0,0,0,,,543
justmeg,Meg,0x1d67574df6276e11aa073d00e72175d1ad4e6fa2,20585.0,2048.0,19,13,0.6842,18,1,0,1661.126947,1661.126947,1643.126947,0.0,4,0,0.9524156820361206,0.9682540074063842,0.8014780881337158,9274.0,553.338221,0,2,118.0,2588.75,0.005,,0.0011,0.028,0,1,,,,0.028,0,0,,,,0.028,0,0,,1,0.0011,1,39.0,0.0011,,,,0,1.0,0,0,,,86
Nick_Researcher,Nick Research,0xee42929f29f76c199fb8cf10090a6c0a89ce22c6,10498.0,1432.0,10,9,0.9,9,1,0,1393.575599,1393.575599,1357.825602,5.791458,2,5,0.9488189827715481,0.9488189827715481,0.6674041142190928,2182.0,1229.314428,0,4,2182.0,2404.5,,,,0.028,0,0,,,,0.028,0,0,,,,0.028,0,0,,0,0.0,0,,,,,,0,,1,7,11.3,771.0,1111
djDriverless,Beamish,0x773e46b1b1a9b0e976c1e6774350f84edb40da42,5304.0,1800.0,70,59,0.8429,59,11,0,666.8169300000001,656.7913490000001,609.521532,0.0,2,3,0.8829700954553117,0.8829700954553117,0.4684285026774786,9609.0,537.393724,0,2,4272.0,6940.5,0.00113999999998,150.0,0.00113,0.028,3,2,,700.0,,0.028,1,0,,,,0.028,0,0,,8,0.00633,5,0.0,0.0013,,,-0.00037660511771787035,6,0.625,1,6,22.0,620.0,217
leiane1,Leiane.eth  ☮️,0x142d20f8e9c09e12402a415fd98de7b5f504fd76,91800.0,1285.0,88,82,0.9318,69,19,0,1807.096376,1807.096376,1634.74304,0.0,3,1,0.9689539858801722,0.9692041715464838,0.4574635205576416,2761.0,1122.321676,1,2,14.0,1237.6666666666667,0.00399,350.0,,0.028,3,3,,,,0.028,0,0,,,,0.028,0,0,,0,0.0,0,,,,,,0,,1,52,85.2,182.0,14
SOLHUSTLER,HST 🌋,0x6e7cef86bc8b8624b4fe1f329344d89de037308e,1132.0,1211.0,86,72,0.8372,67,18,1,1488.264993,1478.02113,1193.28507,0.0,2,3,0.9900002079063828,0.9900002079063828,0.6469476776867816,,,1,2,21.0,111.5,0.01,400.0,0.0011,0.028,2,1,0.00499898,,,0.028,0,1,,,,0.028,0,0,0.499898,2,0.0017000000000000001,2,0.0,0.0011,,,,2,1.0,0,0,,,207
frostyz,Frostyz,0x61a2bcb8569971055eeb4eec78c01c8653c7b778,7559.0,1593.0,68,65,0.9559,56,12,0,1041.7112809999999,1041.7112809999999,1040.90912,0.0,2,1,0.9111269231073307,0.9111269231073307,0.5347604662113145,3772.0,973.946541,0,1,3772.0,4170.0,,350.0,,0.028,2,0,,,,0.028,0,0,,,,0.028,0,0,,0,0.0,0,,,,,,0,,0,0,,,488
0xkovv,Kov (effort arc),0x0d56eb924c31a42219c3ca915d019ad8174e1441,15521.0,1821.0,78,75,0.9615,65,13,0,686.4458380000001,686.4458380000001,679.898095,0.0,2,3,0.8825849451419885,0.8825849451419885,0.8980370588912227,8099.0,617.362109,0,2,4865.0,6482.0,0.002,,,0.028,0,4,0.2,,,0.028,0,1,,,,0.028,0,0,100.0,0,0.0,0,,,,,,0,,1,2,3.8,913.0,18
Pons_ETH,Pons Asinorum,0x04ad9bcea2debe5c23ae05fdb074117eaa279908,72345.0,1658.0,67,57,0.8507,51,16,0,17922.477654000002,17922.477654000002,17049.260940000004,758.637849,16,2,0.9667316467979767,0.978114133769687,0.7773316466664454,88.0,4897.657463,0,7,1.0,59.61538461538461,0.039,,,0.028,0,2,0.15,,,0.028,0,2,,,,0.028,0,0,3.846153846153846,0,0.0,0,,,,,,0,,0,0,,,19050
DailaX,Daila,0x2b4afc2f1ccdf106058084e9a185e0e709c04bb5,24465.0,1396.0,59,53,0.8983,46,13,0,800.0245649999999,800.0245649999999,795.310749,0.0,3,1,0.9286291636103332,0.9062770562770562,0.7710186553646428,9705.0,532.195357,0,3,22.0,3386.6666666666665,,500.0,0.0005,0.028,2,0,,,0.00499899,0.028,0,0,,,,0.028,0,0,,2,0.0054989900000000005,2,0.0,0.0005,0.00499899,,,2,1.0,0,0,,,1983
MeetAminX,Amin𝕏,0x615ce059b46b0aec42883dadaec54f39830f485f,6973.0,1370.0,75,69,0.92,63,11,1,1214.326543,1197.961337,1197.172163,0.0,3,2,0.9204659289309451,0.9117288900769254,0.7525306714739696,4396.0,904.477638,0,2,468.0,2612.0,0.00119,400.0,0.0008,0.028,1,2,0.007,,,0.028,0,1,,,,0.028,0,0,5.88235294117647,7,0.0048000000000000004,4,0.0,0.0008,,,-7.58264593917724e-05,5,0.5714285714285714,0,0,,,1709
0xfs7,FS7 🌊,0xf33fd0ab82ab53e037793a1a2b0180f0e74287bb,18049.0,1249.0,76,68,0.8947,65,11,0,2029.453643,2029.453643,2029.096452,0.0,2,1,0.8445708335763893,0.8445708335763893,0.647478241705033,536.0,1993.966059,0,1,536.0,5400.5,0.00499999999999,250.0,0.0007,0.028,6,4,,,,0.028,0,0,,,,0.028,0,0,,1,0.0007,1,31.0,0.0007,,,,0,1.0,1,26,89.0,147.0,844
BlueWolfNFTs,Blue 💙🐺🐐,0xcdc7b472e4cd7d8ca1d2470ab665a9be1c2bb24b,9640.0,1224.0,81,75,0.9259,69,11,1,411.229536,411.229536,411.22953599999994,0.0,2,0,0.8279824683423537,0.8279824683423537,0.41583982845154593,14255.0,358.650123,0,1,6230.0,10242.5,0.0098999999,250.0,0.0005,0.028,2,2,0.005,,0.0011,0.028,0,1,,2900.0,,0.028,1,0,0.5050505101520254,2,0.0016,2,16.0,0.0005,0.0011,,,2,1.0,1,8,35.3,489.0,226
Frenchiee,Frenchie.moca 🇫🇷,0x4b9edfade2849698be6bea22fb84d0fe0da3a249,13802.0,1762.0,70,66,0.9429,56,13,1,1746.698767,1746.698767,1569.261805,0.0,4,5,0.922009660114731,0.9308333333333333,0.5145336959025311,2098.0,1246.222076,1,5,154.0,1923.75,0.001027,210.0,0.0009899,0.028,2,1,,,,0.028,0,0,,,,0.028,0,0,,4,0.0029899,3,0.0,0.0009899,,,0.0003455804565038706,4,0.75,0,0,,,23
tulipxbt,tulip ✨,0x67209c4718b99cf03b3188f8b725896badbaa6e6,10648.0,2014.0,85,72,0.8471,71,13,1,832.368174,832.368174,705.954285,0.0,5,4,0.8977124771492984,0.9696753690338293,0.45759525393985356,22063.0,207.425093,1,5,51.0,4762.6,,1000.0,0.0005,0.028,1,0,,,,0.028,0,0,,,,0.028,0,0,,3,0.0025,3,10.0,0.0011,,,-0.0004631191825854066,2,1.0,1,13,69.6,295.0,1076
GUJJUIIXI,GUJJU,0x36df9ebcda1a52b8633f5c926cec57aaaa4411ac,5996.0,1448.0,85,81,0.9529,71,12,2,1646.211406,1646.211406,1541.304852,0.0,4,4,0.9656462668476851,0.9678520039953649,0.5254915888131173,5310.0,816.073621,1,5,64.0,1739.0,0.008,,,0.028,0,3,,,0.0011,0.028,0,0,,,,0.028,0,0,,2,0.0022,2,15.0,,0.0011,,,1,1.0,1,35,79.8,228.0,2197
NDIDI_GRAM,HEADBOY 🦇🔊,0x57e6adb5f6368b9946fe1f41254d9d54b7b7575e,198557.0,1614.0,87,80,0.9195,73,13,1,6435.718614000001,6435.718614000001,6434.322354000001,0.0,3,1,0.9181544030696193,0.901036561822448,0.7760459159203585,45.0,6259.611627,0,3,45.0,1262.0,0.0039555,750.0,0.0007,0.028,1,2,0.01,5000.0,0.005,0.028,1,6,,,,0.028,0,0,2.528125395019593,2,0.0057,2,0.0,0.0007,0.005,,,1,1.0,3,36,86.4,168.0,5562
RealPiffsPeak,PiffsPeak,0xfc725224d2227ee5d2ab239ed54dff851c8f4bf2,3034.0,1238.0,101,91,0.901,91,10,0,345.501987,345.501987,118.31566000000001,0.0,3,2,0.677497694943404,0.6132619485806703,0.4164196711943104,34673.0,74.967493,1,3,87.0,15939.666666666666,0.0021,150.0,0.0008,0.028,5,7,,,,0.028,0,0,,,,0.028,0,0,,2,0.0014,2,24.0,0.0008,,,,1,1.0,0,0,,,0
Telcier,Telcier,0x2408e3accd020a11a8ceb0802c8060fe9983fb15,9713.0,1636.0,90,83,0.9222,75,15,0,352.29262500000004,352.29262500000004,352.29262500000004,0.0,2,0,0.8384718261210331,0.8384718261210331,0.5829389930882338,18504.0,272.250109,0,1,3928.0,11216.0,0.0149,500.0,0.0006,0.028,3,3,,,,0.028,0,0,,,,0.028,0,0,,3,0.0027,3,15.0,0.0013,,,-0.00045879091270495387,1,1.0,2,20,43.2,448.0,179
dustinvibes,dustinvibes,0x7cbf59c0b9fc4c7f7f60f2ad14861b1b737aa56c,10034.0,1302.0,81,72,0.8889,70,10,1,70.64455000000001,70.64455000000001,51.626285,0.0,1,1,0.8064985595057769,0.8064985595057769,0.0,,,0,1,6515.0,6515.0,0.00499999999999,550.0,0.0009,0.028,1,4,,,,0.028,0,0,,3000.0,,0.028,1,0,,4,0.0043,3,14.0,0.0012,,,-0.00022125953922688758,1,0.75,7,696,100.0,13.0,68
CryptoArter,Arter ✳️ 🫎,0x1c597fe70efad510daa9a5a8edae44973413856e,7534.0,1361.0,82,72,0.878,67,14,1,848.704868,838.63005,793.126469,9.2586,3,6,0.8956233553492394,0.9208173690932312,0.7945755562735138,17171.0,299.039915,0,5,196.0,6677.666666666667,0.0098999999,1000.0,,0.028,1,2,0.00299899999998,440.0,0.0014,0.028,1,2,,,,0.028,0,0,0.3029292959871646,2,0.003,2,22.0,,0.0016,,,2,1.0,4,101,99.5,31.0,533
yellowpantherx,yellowpanther 黄豹 💎,0xd9ebc885674a93a7c119f37a6abf9dbed84e1ff8,172945.0,1899.0,78,69,0.8846,63,13,2,1162.0762249999998,1162.0762249999998,1158.7991849999999,0.0,2,2,0.9273327235031008,0.9273327235031008,0.6446741435957729,3047.0,1074.573618,0,2,3047.0,3398.0,,1500.0,,0.028,1,0,0.025,,,0.028,0,2,,,,0.028,0,0,,0,0.0,0,,,,,,0,,0,0,,,1237
sanjaybuilds_,Sanjay,0x68e33a587f1d697c5e0f8b8794cfa304b41a61e2,56823.0,2213.0,78,67,0.859,61,16,1,1175.080435,1175.080435,1157.965566,0.0,2,1,0.9421788631644805,0.9421788631644805,0.7251726022859212,3354.0,1029.601408,0,1,2634.0,2994.0,0.007,999.0,,0.028,2,2,0.022,,,0.028,0,3,0.098999999999,,,0.028,0,1,3.142857142857143,0,0.0,0,,,,,,0,,0,0,,,0
0xasrequired,as required (LI.FI/Jumper),0x1279697ff2648bb1437d07bd3fc21e0d989f5334,4434.0,1504.0,71,60,0.8451,57,14,0,491.593557,491.593557,486.480619,0.0,1,2,0.880910155596453,0.880910155596453,0.9200413264562138,10677.0,486.480619,0,1,10677.0,10677.0,0.009999999999,145.0,0.0005,0.028,2,2,0.00498,,,0.028,0,2,,,,0.028,0,0,0.4980000000498,1,0.0005,1,30.0,0.0005,,,,0,1.0,1,7,16.4,680.0,227
ruledout_,RuledOut xD,0x53564578c5f052ddcb9e3d627e030f439d2519b7,17676.0,1596.0,86,80,0.9302,67,18,1,3123.3069689999998,3109.8829419999997,3080.3407030000003,0.0,4,4,0.930717277702614,0.9873195351290902,0.8879863624034686,671.0,1862.964295,0,3,58.0,460.75,0.0035,110.0,0.0006,0.028,4,2,,400.0,0.0005,0.028,1,0,,,,0.028,0,0,,3,0.0018999999999999998,3,3.0,0.0008,0.0005,,-0.00024974154092713625,2,1.0,0,0,,,3672
OUchrisNFTs,OUchris,0xd1598c76c78acc698a5241578ea0b21afb29ad44,10650.0,1364.0,84,78,0.9286,70,12,2,83.73940900000001,83.73940900000001,80.962287,0.0,1,1,0.884314948468918,0.884314948468918,0.08129292345706589,,,0,1,3895.0,3895.0,0.00989,500.0,0.0055,0.028,1,3,,,,0.028,0,0,,,,0.028,0,0,,1,0.0055,1,24.0,0.0055,,,,1,1.0,11,117,100.3,11.0,171
lokithebird,LoKi 😈,0x475f4673fa8d00d5973c420c0a56b3bb1f172287,48666.0,1462.0,78,69,0.8846,64,14,0,7899.5828599999995,7865.045496,7856.045496,0.0,7,0,0.9231571624505374,0.9339152119700748,0.896331766114387,31.0,6904.196982,0,3,9.0,744.2857142857143,0.008,16000.0,0.0012,0.028,1,1,,10000.0,0.0034,0.028,1,0,5.0,,,0.028,0,1,,2,0.0046,2,23.0,0.0012,0.0034,,,1,1.0,0,0,,,108
SALAMANDER12_,SALAMANDER,0x5880cffd56d00256faab1f2ec7cb2ed0e339d224,16713.0,1405.0,80,72,0.9,66,12,2,3590.4235400000002,3568.632461,2978.1056610000005,0.0,5,1,0.9733541790921322,0.9705627705627705,0.7784847012006926,5617.0,789.661397,0,3,1.0,1370.6,0.00249,1000.0,0.0012,0.028,1,3,0.029,5000.0,,0.028,1,2,,,,0.028,0,0,11.646586345381527,1,0.0012,1,36.0,0.0012,,,,0,1.0,0,0,,,3097
Truunik,Truu🐻‍❄️,0x1f60b01a3498ca9ee14e13e9dbfb546d5e124def,11223.0,1465.0,67,60,0.8955,54,12,1,1102.872992,1102.872992,998.4735370000001,0.0,2,9,0.9402938595394734,0.9402938595394734,0.7994905975827835,7862.0,631.016693,0,6,1068.0,4465.0,0.02,1000.0,0.0008,0.028,1,1,,,0.0036,0.028,0,0,,,0.05,0.028,0,0,,7,0.07349000000000001,5,23.0,0.00999,0.0036,0.05,0.009775999591424648,5,0.7142857142857143,4,17,72.9,274.0,134
moneyfet1sh,moneyfet1sh,0x3cf705f017af83054bba7d67d19335054d35a86e,5866.0,1468.0,63,56,0.8889,51,10,2,845.113277,845.113277,833.795794,3.140855,3,4,0.791091036998433,0.85942558436544,0.4653447698859361,6056.0,755.471398,0,3,162.0,3650.3333333333335,0.0098999999,120.0,0.0005,0.028,3,3,,400.0,,0.028,1,0,,,,0.028,0,0,,1,0.0005,1,29.0,0.0005,,,,1,1.0,0,0,,,94
SHGFees,Superhighgasfees ❤️,0xc12e1a6acb61ca56e6f37f8f3ae05779c8bda140,13118.0,1324.0,64,58,0.9063,50,13,1,378.644483,368.401517,368.401517,0.0,2,0,0.8115607273603731,0.8115607273603731,0.46348955036939865,16446.0,316.774885,0,1,6513.0,11479.5,0.004998989999,100.0,0.0011,0.028,4,1,,,,0.028,0,0,,,,0.028,0,0,,1,0.0011,1,41.0,0.0011,,,,0,1.0,0,0,,,414
CuzmanovS,Sasha Cuzmanov,0x27da9966f1058db9222db9745619111fb0ae4aa1,1471.0,1265.0,56,50,0.8929,42,13,1,1256.0633799999998,1256.0633799999998,775.6702720000001,0.0,5,11,0.8661195179164463,0.9511147473921048,0.3463000033592132,,,2,7,20.0,236.8,0.0062,100.0,0.0006,0.028,4,2,0.0249999,1000.0,,0.028,1,4,,,,0.028,0,0,4.032241935483871,2,0.0015,2,22.0,0.0009,,,,1,1.0,0,0,,,54
greenknight_sol,GreenKnight (DKS),0x36040de2ad736c921d97fefd72b563b67daf3c37,3421.0,1229.0,51,46,0.902,36,14,1,1443.900603,1443.900603,1221.752495,0.0,3,0,0.9402141579616998,0.9786666666666667,0.7531571916091967,13004.0,399.767891,1,2,32.0,4491.0,0.0098,200.0,,0.028,3,3,0.003,,0.0018,0.028,0,1,,,,0.028,0,0,0.30612244897959184,1,0.0018,1,23.0,,0.0018,,,1,1.0,0,0,,,1267
stake_mm,stake_m,0x59a91fb12d21175256d5f48b62845c5e26063dbb,19592.0,1232.0,55,49,0.8909,43,10,2,497.945267,497.945267,497.945267,0.0,2,0,0.85337807273561,0.85337807273561,0.5256788086531867,11773.0,441.30145,0,1,5452.0,8612.5,0.005,280.0,0.0005,0.028,2,2,0.0099,,0.00099,0.028,0,2,0.03,,,0.028,0,1,1.9800000000000002,4,0.0035900000000000003,3,29.0,0.0011,0.00099,,-0.00031885646213180923,1,0.75,1,5,5.9,869.0,227
Smolpeach33,Smolnaut,0x6cdca50b1d9bfec3796e6def368c6857819ec8a8,5271.0,1236.0,101,94,0.9307,84,16,1,1053.34268,1032.9025589999999,948.17269,1.875789,3,7,0.8602840747475593,0.9110144442585466,0.6075534690644777,7978.0,623.612814,0,5,821.0,3347.6666666666665,0.0035,,0.0011,0.028,0,4,0.09,,,0.028,0,1,,,,0.028,0,0,25.71428571428571,1,0.0011,1,40.0,0.0011,,,,0,1.0,9,35,99.7,26.0,155
Cryptowithkhan,Crypto with Khan ( SFZ ),0x289cc9eda9dbbf85a984989e52b8446183d66439,77892.0,1308.0,101,87,0.8614,83,15,3,8950.941226,8950.941226,8382.363312,8.036431,15,4,0.9704448991260751,0.9910355019955241,0.6312227084562705,829.0,1724.777521,1,7,1.0,128.92857142857142,0.0199,1500.0,0.007,0.028,1,3,0.022,5000.0,0.002,0.028,1,1,5.0,15000.0,,0.028,1,1,1.1055276381909547,4,0.0117,3,2.0,0.007,0.002,,0.0007515016017304303,2,0.75,4,52,91.8,127.0,3764
josephweb3,Joseph,0x0853695906f2e81509072b7031cf222eed02ee1d,8742.0,1514.0,83,77,0.9277,71,12,0,1243.571367,1243.571367,1232.407033,0.0,2,2,0.941676618608882,0.941676618608882,0.8998163785605029,2789.0,1118.082852,0,3,2789.0,2834.5,0.0017,,,0.028,0,2,0.015,,,0.028,0,1,,,,0.028,0,0,8.823529411764707,0,0.0,0,,,,,,0,,0,0,,,725
Carl_m101,Carl,0xe4e6169e6d76d70c4b2d4429862c875888edf9bb,25602.0,1316.0,67,55,0.8209,61,6,0,731.5862669999999,731.5862669999999,731.438236,0.0,1,1,0.9286487089398249,0.9286487089398249,0.8680033552416038,6397.0,731.438236,0,1,6397.0,6397.0,,1000.0,0.0005,0.028,1,0,,,,0.028,0,0,,,,0.028,0,0,,2,0.0012000000000000001,2,18.0,0.0007,,,,1,1.0,0,0,,,37
Wezaverse,Adam Westerén,0x236ce53a50f01016eb81dd2b47d5c7b579dcaaba,10122.0,1640.0,69,60,0.8696,57,9,3,1447.9557180000002,1447.9557180000002,1445.06135,2.2994,3,2,0.8743524535507393,0.8724048828299029,0.9132673399826028,1712.0,1348.542944,0,3,274.0,2094.0,0.003,125.0,0.00119,0.028,3,1,,400.0,,0.028,1,0,,,,0.028,0,0,,1,0.00119,1,25.0,0.00119,,,,1,1.0,0,0,,,202
LucBerkefeld,Luc,0x3e99821c6a481c8d749171aa3608464ea3994388,29754.0,1376.0,80,74,0.925,66,14,0,526.2235079999999,526.2235079999999,523.531471,0.0,1,3,0.8900451731637945,0.8900451731637945,0.9551594482846285,9858.0,523.531471,0,3,9858.0,9858.0,0.0069,390.0,0.0005,0.028,3,3,0.04999999999991,,,0.028,0,1,,,,0.028,0,0,7.246376811581159,1,0.0005,1,12.0,0.0005,,,,1,1.0,0,0,,,563
ethmaxi,big daddy brando,0xd96e4656f8906b215b2ca71a785ace94e1fa278b,164606.0,1488.0,94,86,0.9149,80,14,0,2060.9587699999997,2047.4818119999998,2006.027654,0.0,2,3,0.9617712940046252,0.9617712940046252,0.7022146508051487,685.0,1855.279045,0,3,685.0,1501.0,0.007,500.0,0.0007,0.028,2,2,0.025,,,0.028,0,1,,,,0.028,0,0,3.5714285714285716,2,0.0017000000000000001,2,22.0,0.001,,,,2,1.0,1,3,3.8,912.0,863
Allenbaez126,ALLEN 🐺,0x5aae16d3b805812b14a9d2d210e116b82b23893f,11928.0,1230.0,56,51,0.9107,43,12,1,323.975347,323.975347,323.49756899999994,0.0,2,1,0.7925214599771666,0.7925214599771666,0.4841531429269367,18422.0,272.912705,0,2,7053.0,12737.5,0.0028,100.0,0.0008,0.028,1,1,0.003,,,0.028,0,2,,,,0.028,0,0,1.0714285714285714,3,0.00231,3,0.0,0.00101,,,4.674668617686948e-05,1,1.0,0,0,,,157
SquiddyNFT,"SQUIDDY {✊,🎮}",0x2e0e8892e6cc51f0d42b16e603c374f11b56e59a,16139.0,1407.0,68,62,0.9118,56,12,0,1110.495169,1073.124669,906.87638,0.0,4,1,0.9055422460944882,0.9077877713867398,0.4394741564568307,5814.0,772.845178,2,2,18.0,2482.5,0.0021,350.0,0.0008,0.028,2,2,0.00999999999997,,,0.028,0,1,,,,0.028,0,0,4.761904761890476,2,0.0016,1,34.0,0.0008,,,,0,0.5,0,0,,,194
AzFlin,AzFlin 🌎,0x459e213d8b5e79d706ab22b945e3af983d51bc4c,29447.0,1644.0,73,60,0.8219,64,8,1,6495.688707,6495.688707,6491.529806999999,0.0,3,1,0.9810264341810017,0.9854465532091835,0.8464957763822994,62.0,5754.19958,0,2,62.0,248.0,0.00999,1000.0,0.0005,0.028,1,3,0.1,5000.0,,0.028,1,1,,,,0.028,0,0,10.01001001001001,1,0.0005,1,16.0,0.0005,,,,1,1.0,0,0,,,6756
juaneth77,Juan.eth,0x2e175981970e94b7e1c001fd33ba69cf223ba057,2740.0,1240.0,74,67,0.9054,64,10,0,50.09019599999999,50.09019599999999,0.0,0.0,0,10,,,,,,0,5,,,0.0029,150.0,0.0008,0.028,2,3,,,,0.028,0,0,,,,0.028,0,0,,1,0.0008,1,24.0,0.0008,,,,1,1.0,0,0,,,40
GemsScope,GemsScope,0x6f6f430c88c0735a30988310d93b0e53c98cc1e3,172494.0,1312.0,66,62,0.9394,50,16,0,2735.477051,2735.477051,2735.477051,0.0,2,0,0.9514446715816334,0.9514446715816334,0.7446321978644086,220.0,2633.86865,0,1,220.0,1703.5,0.009899,,0.001,0.028,0,2,0.1,3000.0,,0.028,1,1,,,,0.028,0,0,10.102030508132135,1,0.001,1,38.0,0.001,,,,0,1.0,0,0,,,2942
alphabatcher,Alpha Batcher,0xeeaef14386472e679ba889ddf88456ae2fc9ee1f,51862.0,1620.0,88,77,0.875,72,16,0,3052.81847,3052.81847,2776.00248,225.654952,5,5,0.8919758952526708,0.9670067288908183,0.8681102836977264,507.0,2014.523609,0,4,123.0,312.2,0.01498999999987,200.0,0.0007,0.028,3,2,,999.0,0.003,0.028,1,0,,,,0.028,0,0,,4,0.0048000000000000004,4,0.0,0.0007,0.003,,0.001437231055537179,4,1.0,0,0,,,3516
666Sixpaths,Sixpaths🐸,0x1d95479601583ca1b1450e2ea65d7e734e41ed18,3667.0,1262.0,96,87,0.9063,82,13,1,52.483119,52.483119,20.036829,0.0,1,4,0.6283227895096379,0.6283227895096379,0.3867526143982164,,,0,2,12514.0,12514.0,0.0021,100.0,0.00101,0.028,4,3,,,,0.028,0,0,,,,0.028,0,0,,4,0.00291,4,0.0,0.00101,,,0.00045513283216252353,3,1.0,0,0,,,229
raidenkrn,Raiden,0xadcea82e367d3447e4a00abe2804376fd460da01,41043.0,1597.0,77,67,0.8701,59,17,1,721.5324469999999,721.5324469999999,721.4402070000001,0.0,1,1,0.9271540906809437,0.9271540906809437,0.8975830910405581,6531.0,721.440207,0,1,6531.0,6531.0,,,0.004,0.028,0,0,0.00777,,,0.028,0,1,,,,0.028,0,0,,1,0.004,1,38.0,0.004,,,,0,1.0,5,142,99.7,21.0,19
YatMuseum,✨ 🐐 ✨,0xb2c798cc597a4d4db1ea9b3079e39e54dc1c8146,24824.0,1243.0,84,67,0.7976,71,12,1,68.786296,68.786296,51.379411000000005,0.0,1,1,0.8034690665003416,0.8034690665003416,0.011228233036770313,,,0,1,6617.0,6617.0,0.000999998,125.0,0.00089,0.028,4,4,,,,0.028,0,0,,,,0.028,0,0,,8,0.0066300000000000005,5,0.0,0.00144,,,-0.00027926616425537955,4,0.625,0,0,,,42
HarrietPJones,🜲 Harriet,0xb1cb58c9960b85476b8b4fa012872e4c589b6b6a,6814.0,1262.0,82,72,0.878,69,13,0,12746.335169999998,12746.335169999998,7412.956904000001,47.3087,6,3,0.9336493650656758,0.9969951950572786,0.6942114542912399,340.0,2194.982189,1,4,1.0,254.83333333333334,,1568.0,0.0245,0.028,3,0,0.5,3969.0,,0.028,2,1,,,,0.028,0,0,,1,0.0245,1,25.0,0.0245,,,,1,1.0,14,53,83.6,195.0,1132
auntiepaca,Lil Auntie 🌮,0x2bab4f6adc8190646ebc6ac129eaae497e68750b,31920.0,1625.0,89,87,0.9775,70,19,0,456.408002,437.52523099999996,293.756294,0.0,2,1,0.8243837648405734,0.8243837648405734,0.5678088431272502,22974.0,192.480312,0,1,3198.0,13086.0,,,0.0005,0.028,0,0,,,0.0032,0.028,0,0,,,,0.028,0,0,,2,0.0037,2,16.0,0.0005,0.0032,,,2,1.0,1,27,65.2,312.0,455
youfadedwealth,Faded 🦇,0x803de226d9cc88e2f60907cbb92e77dda2953033,49551.0,1483.0,69,65,0.942,49,17,3,1777.7738330000002,1734.263203,1658.31437,0.0,3,3,0.9744695066403922,0.9840348330914369,0.6922420722995849,4128.0,932.525357,0,4,11.0,1543.3333333333333,0.05,,,0.028,0,1,,,,0.028,0,0,,,,0.028,0,0,,0,0.0,0,,,,,,0,,0,0,,,1966
jowenNFT,Jowen.eth 🔸,0xee376eaa374254c402b8eb0e5185268aa1435dea,8890.0,1220.0,72,68,0.9444,60,11,1,170.142227,170.142227,170.137427,0.0,2,1,0.7584170354173758,0.7584170354173758,0.47300750891038534,30281.0,107.926442,0,1,4896.0,17588.5,0.0049989,,0.0005,0.028,0,2,0.0089,,,0.028,0,1,,,,0.028,0,0,1.7803916861709577,2,0.0010999999999999998,1,18.0,0.0006,,,,2,0.5,0,0,,,214
CryptoGorilla,Gorilla,0xb4d64772218d36f97974e8bb6ef0d01b026c9a14,167380.0,1841.0,81,61,0.7531,66,15,0,7907.520313,7907.520313,7848.486548,0.0,3,1,0.9727064207751949,0.9754721076622531,0.7719841739834553,24.0,7389.636118,0,2,24.0,686.3333333333334,0.008,750.0,0.0014,0.028,1,4,,,,0.028,0,0,,,,0.028,0,0,,1,0.0014,1,4.0,0.0014,,,,1,1.0,0,0,,,7558
GaspodeWD,GaspodeWD 🎮🎙️📽️,0x2f04a32597cc5fbca0e1a64ac9b71fda358c1a43,12483.0,1469.0,50,45,0.9,40,10,0,125.754764,125.754764,119.29172700000001,0.0,2,2,0.7117823944533227,0.7117823944533227,0.4700181094537891,36598.0,63.94576,0,2,5664.0,21131.0,0.0099,399.0,0.0006,0.028,2,1,0.0022,398.0,,0.028,1,2,,,,0.028,0,0,0.2222222222222222,1,0.0006,1,21.0,0.0006,,,,1,1.0,0,0,,,241
thegreatola,Ola Ξlixir,0xdfe437c87b802470a8fe168687cbfdeb87af5a33,106111.0,1903.0,74,59,0.7973,59,14,1,2026.3343559999998,1997.425279,1991.425279,0.0,4,0,0.9797298496272424,0.9865003068112088,0.7029002994416217,4143.0,931.358186,0,2,51.0,1135.0,0.004,530.0,0.001,0.028,2,6,0.025,,,0.028,0,1,,,,0.028,0,0,6.25,1,0.001,1,21.0,0.001,,,,1,1.0,0,0,,,2131
shredder_tegg,SHREDDER,0x4fbf92df7981b2d1a8cdb4a454905a59504b7d9d,13797.0,1382.0,83,80,0.9639,69,14,0,1609.4631339999999,1609.4631339999999,1571.712737,18.128565,2,6,0.9378366966945022,0.9378366966945022,0.5017342367976754,1302.0,1486.098913,0,3,1302.0,2499.5,0.0016,1000.0,0.0005,0.028,2,2,0.0712,2000.0,,0.028,1,2,,,,0.028,0,0,44.5,3,0.0021999999999999997,3,1.0,0.0012,,,-0.0007061905104144104,2,1.0,0,0,,,409
imho_nft,imho,0x5f34d501809489d5657dc372e509e09d000bdef1,5032.0,1297.0,48,43,0.8958,40,8,0,232.679969,232.679969,232.679969,0.0,2,0,0.7261104561953218,0.7261104561953218,0.8224601553419739,23026.0,191.612551,0,1,9796.0,16411.0,,150.0,,0.028,2,0,,,,0.028,0,0,,,,0.028,0,0,,0,0.0,0,,,,,,0,,0,0,,,77
degenBRO__,degenBRO,0x19e6df456ad04302a139eefe15147497eb3415f3,37058.0,1278.0,89,81,0.9101,80,7,2,2118.059576,2118.059576,2095.720339,0.0,2,6,0.9648219195293324,0.9648219195293324,0.6504820896366427,596.0,1927.295809,0,4,596.0,1370.5,0.0035,300.0,0.0005,0.028,2,2,0.0555,2500.0,,0.028,1,1,,,,0.028,0,0,15.857142857142858,3,0.0031000000000000003,3,13.0,0.0015,,,-0.00031372489047162437,2,1.0,0,4,8.2,824.0,578
IbraTheDabra,Ibracadabra,0x3e0da6efc5ef9e25d4e346b7ed9c939bc12c6ff9,25877.0,1706.0,94,90,0.9574,81,12,1,690.9415660000001,690.9415660000001,690.749145,0.0,2,1,0.9045431070273426,0.9045431070273426,0.6302262057350883,8574.0,589.826395,0,1,3208.0,5891.0,0.0027,300.0,0.0005,0.028,2,3,,,,0.028,0,0,,,,0.028,0,0,,1,0.0005,1,14.0,0.0005,,,,1,1.0,0,0,,,868
CryptoeJammin,Cryptoe Jammin,0x8b59d1e3542304f975e9647844ed574064123ef3,6575.0,1217.0,86,83,0.9651,74,12,0,169.15105699999998,169.15105699999998,131.11782599999998,0.0,3,3,0.6655387457541814,0.6220177346494897,0.7983260729379174,33888.0,80.040964,1,3,108.0,15663.333333333334,0.0021,400.0,0.0005,0.028,2,5,,,,0.028,0,0,,,,0.028,0,0,,2,0.0012000000000000001,2,1.0,0.0007,,,,1,1.0,0,0,,,28
shannholmberg,Shann³,0x070ce3376d34fe075ac22a265928963135aa6007,20215.0,1492.0,66,62,0.9394,49,16,1,890.368734,890.368734,869.7617290000001,0.0,2,3,0.9292267869745903,0.9292267869745903,0.8863405708344845,9455.0,545.441647,0,2,1215.0,5335.0,0.05,300.0,0.0012,0.028,1,1,0.00999999999996,,0.0008,0.028,0,1,,,,0.028,0,0,0.19999999999919998,2,0.002,2,0.0,0.0012,0.0008,,,1,1.0,0,0,,,590
Just_Jibon,Nazrul Islam Jibon,0x578091cea14f696f3b01fddf13cf1a36ebebd6fa,8441.0,1453.0,65,63,0.9692,53,12,0,64.571303,64.571303,51.634029,0.0,1,1,0.8066470640648669,0.8066470640648669,0.027618162433150434,,,0,1,6510.0,6510.0,0.0017,100.0,0.00115,0.028,3,3,,,,0.028,0,0,,,,0.028,0,0,,6,0.00475,6,0.0,0.00115,,,0.00013358761481332106,4,1.0,0,0,,,52
themansion_eth,Yasmina,0xfee9b3fa4d033879cbd1c96cdc102fbdc006e781,19653.0,1861.0,63,56,0.8889,43,19,1,2159.391617,2159.391617,1655.5253590000002,0.0,4,0,0.8802476381029126,0.9150850931123585,0.7238167366465165,6509.0,723.133151,1,3,139.0,3169.0,,,0.0007,0.028,0,0,0.0088,,,0.028,0,1,,,,0.028,0,0,,3,0.0022,2,31.0,0.0008,,,-0.00010545925343355299,0,0.6666666666666666,0,0,,,16
Shtihmas11,Shtihmas 🫎 π²,0x45a9ee5f64ced003f1f7219aca440ed8e35b0096,10093.0,1585.0,63,58,0.9206,50,12,1,590.994871,590.994871,544.198437,41.5894,1,2,0.8943505660587809,0.8943505660587809,0.9690598357966251,9472.0,544.198437,0,1,9472.0,9472.0,,100.0,0.0006,0.028,1,0,0.005,,,0.028,0,1,,,,0.028,0,0,,3,0.0023,3,21.0,0.0009,,,-0.0002490752201765341,2,1.0,0,0,,,24
N3XTTT,N3XT,0x75c104a92498a2cb971610729a4ad57005d2045d,16943.0,1949.0,86,79,0.9186,71,12,3,161.217915,161.217915,156.062152,0.0,2,1,0.7481766524764685,0.7481766524764685,0.9104390231110789,31795.0,95.324646,0,2,5017.0,18406.0,0.009703,300.0,0.0008,0.028,1,5,,,,0.028,0,0,,,,0.028,0,0,,1,0.0008,1,35.0,0.0008,,,,0,1.0,0,0,,,0
MasterChiefNFTs,MasterChief 🩸,0xe42d8869f72b79ae3dd66fcc098f46c45290225e,32671.0,1438.0,94,84,0.8936,77,17,0,412.622854,412.622854,412.62285399999996,0.0,2,0,0.850020203030305,0.850020203030305,0.5643650390722577,14761.0,345.426987,0,1,4556.0,9658.5,0.0027,,0.0012,0.028,0,3,,,,0.028,0,0,,,,0.028,0,0,,1,0.0012,1,32.0,0.0012,,,,0,1.0,0,0,,,331
thekuchh,kuch (vibecoding arc),0x4e8dc309a2ce8271afda4d51a96f564eb4f86fde,49229.0,1359.0,81,75,0.9259,65,15,1,902.1871970000001,902.1871970000001,816.6952510000001,17.101566,2,6,0.9274443049142616,0.9274443049142616,0.7499653345200675,8350.0,602.776424,0,4,1750.0,5050.0,0.0048,300.0,0.0008,0.028,1,1,,700.0,,0.028,1,0,,,,0.028,0,0,,3,0.0053,3,34.0,0.0034,,,0.0005562237619834461,0,1.0,0,0,,,41
threadoor,threadoor,0x392837c60e496e976ac819097ce09b54b51097a3,16902.0,1255.0,81,78,0.963,66,15,0,1420.6639030000001,1409.7730600000002,1385.77306,0.0,4,0,0.8482444284644297,0.8545461305374304,0.9089352833502032,5463.0,802.004796,0,3,56.0,3960.5,0.0021,500.0,0.0005,0.028,2,3,0.1,500.0,,0.028,2,2,,,,0.028,0,0,47.61904761904763,1,0.0005,1,1.0,0.0005,,,,1,1.0,0,0,,,1482
pgreyy,pg,0x2aa5abf7d1bc6f440f8ded377133a9f469498084,8295.0,1416.0,68,62,0.9118,52,15,1,1665.1781099999996,1665.1781099999996,1631.974296,0.0,3,5,0.9581257368587236,0.9774256566095073,0.84600471701486,8179.0,613.46434,0,5,104.0,2893.6666666666665,0.007,200.0,,0.028,2,2,0.00999999999997,,,0.028,0,1,,,,0.028,0,0,1.428571428567143,0,0.0,0,,,,,,0,,1,7,13.8,717.0,1369
_yourbros,bros / bad actor,0x4921d89414fcaa5c5ae8eaa16bf79d8cf6322685,21038.0,1479.0,86,74,0.8605,69,17,0,732.4013040000001,732.4013040000001,732.401304,0.0,2,0,0.9021801751328153,0.9021801751328153,0.5437993067958332,7629.0,647.316397,0,1,3722.0,5675.5,0.0035,179.0,0.0006,0.028,4,5,0.023,,,0.028,0,1,,,,0.028,0,0,6.571428571428571,3,0.0024000000000000002,3,21.0,0.001,,,-0.0003507976071054338,2,1.0,0,0,,,35
GrafinkaVi,Vi,0x68d5591cd17502386728bbc5d0dcfc40b5d7aca2,1500.0,1200.0,88,80,0.9091,69,16,3,0.0,0.0,0.0,0.0,0,0,,,,,,0,0,,,0.00101,350.0,0.00101,0.028,2,2,,,,0.028,0,0,,4400.0,,0.028,1,0,,3,0.00211,3,0.0,0.00101,,,0.0005204201827645295,2,1.0,1,47,66.2,307.0,0
onchainmo,moritz,0x9727e451546e8d2103d432967796904164477d9a,43450.0,2174.0,63,56,0.8889,48,15,0,896.679665,896.679665,882.751565,0.0,2,1,0.8950748195883282,0.8950748195883282,0.5223715248998142,5239.0,823.019605,0,2,5098.0,5168.5,0.006,,0.0005,0.028,0,2,,2500.0,,0.028,2,0,,,,0.028,0,0,,2,0.002,2,14.0,0.0015,,,,1,1.0,1,11,32.0,513.0,655
jeg6322,EWL,0x70898023ad677067340fd4d1fc57ccb4b0347107,11501.0,1579.0,62,57,0.9194,49,13,0,1420.657238,1420.657238,1420.657238,0.0,2,1,0.956328698068009,0.956328698068009,0.7790223403391152,2063.0,1254.216052,0,2,2063.0,2114.5,0.0098999999,100.0,0.0006,0.028,1,3,,498.0,,0.028,1,0,,,,0.028,0,0,,1,0.0006,1,30.0,0.0006,,,,0,1.0,0,0,,,1477
0xbeiu,Beiu,0x716f7761a55247058dedc124cade635cbee2109f,2519.0,1417.0,71,67,0.9437,55,14,2,113.73584799999999,113.73584799999999,106.448645,0.0,1,3,0.9089370043660341,0.9089370043660341,0.8761542525975788,,,0,2,3066.0,3066.0,0.0085,400.0,,0.028,1,1,,,,0.028,0,0,,,,0.028,0,0,,0,0.0,0,,,,,,0,,1,8,6.6,857.0,526
thelearningpill,The Learning Pill 💊,0x66ea30e92ca5ca88cf799025684010bf7e9134cd,23305.0,1265.0,61,58,0.9508,47,13,1,2228.212556,2228.212556,2205.5759510000003,0.955484,4,3,0.9313293850552846,0.9192956728221306,0.8255302560757435,512.0,2010.287901,0,3,128.0,1045.5,0.00599999999999,150.0,0.0008,0.028,1,2,0.011,2500.0,,0.028,2,3,,,,0.028,0,0,1.8333333333363886,2,0.0018,2,24.0,0.001,,,,1,1.0,0,0,,,2247
HollanderAdam,Adam Hollander,0x8acfe17a5fe62966a27e579e28c10e936de614f2,86975.0,1919.0,83,74,0.8916,75,8,0,3607.088683,3607.088683,3607.088683,0.0,2,0,0.9331272431934163,0.9331272431934163,0.5448039911014357,144.0,3538.284057,0,1,144.0,2296.5,0.004955,569.0,0.0035,0.028,2,5,0.15,,,0.028,0,1,,,,0.028,0,0,30.272452068617557,3,0.0059,2,0.0,0.0035,,,0.0023875054701969207,3,0.6666666666666666,1,25,89.0,148.0,374
tictacmagic_,Tictacmagic,0xea76a03de807834c600d1b96f1892b0b748047ed,5359.0,1226.0,88,84,0.9545,67,20,1,2210.0270750000004,2210.0270750000004,1963.7368570000003,9.498705,8,12,0.8856053523770722,0.9012125276398304,0.4927519711640865,17777.0,285.542344,1,7,30.0,2411.875,0.0099,160.0,0.0012,0.028,4,1,,400.0,,0.028,2,0,,,,0.028,0,0,,4,0.0029999999999999996,3,0.0,0.0012,,,0.0005419333066953165,4,0.75,0,0,,,43
henwyeth,Henwy,0x235c4012a57df65feaa087da5f99171b29c474f7,4676.0,1442.0,47,41,0.8723,38,9,0,1676.375753,1663.550481,1609.763348,0.0,4,5,0.8911834716802867,0.8965434721514018,0.6900838816700723,2067.0,1252.604541,0,4,62.0,925.0,0.005,149.0,0.00129999,0.028,8,1,,,,0.028,0,0,,,,0.028,0,0,,10,0.008199989999999999,4,0.0,0.00129999,,,0.00022960570001491812,5,0.4,0,0,,,1710
bull_boiy,bull🪴,0x1dd351e0b9835a049a215989690f75cfea9f9048,821.0,1150.0,90,78,0.8667,81,9,0,25.579515999999998,25.579515999999998,23.818164,0.0,1,2,0.6563604502658231,0.6563604502658231,0.884469222732701,,,0,1,11570.0,11570.0,0.00489899999999,200.0,0.0005,0.028,4,2,,10000.0,,0.028,1,0,,,,0.028,0,0,,4,0.0024999999999999996,2,15.0,0.0008,,,-0.00028694076220064316,3,0.5,1,6,5.6,874.0,75
thegaboeth,THΞGABO🍌,0x6a1228a17992baa3977d66551cfd296a3676cd78,91444.0,1466.0,77,68,0.8831,64,12,1,1857.317012,1857.317012,1853.769507,0.0379,2,2,0.9770714088980086,0.9770714088980086,0.8297032670199667,1326.0,1479.997606,0,2,1046.0,1186.0,0.0055,1500.0,,0.028,3,4,0.033,,,0.028,0,3,5.0,,,0.028,0,1,6.000000000000001,0,0.0,0,,,,,,0,,0,0,,,222
DonPudgy,Don,0x5d744767bdb137fff7ccde612af2bca1fa3dc454,7293.0,1564.0,91,85,0.9341,74,16,1,2728.842265,2728.842265,2696.0685029999995,0.072,5,3,0.9396169159659864,0.9767738869583297,0.8306167493732775,726.0,1811.912036,0,5,66.0,392.4,,100.0,,0.028,3,0,,,,0.028,0,0,,,,0.028,0,0,,0,0.0,0,,,,,,0,,1,61,98.0,69.0,639
KaruptKP,KaruptKP,0x06e1ab8baa241b8a527dbc320573305c7ee80528,5747.0,1339.0,83,76,0.9157,71,11,1,4541.450964000001,4531.182775,3509.315928,0.0,6,10,0.935391876183106,0.9716977658011785,0.6268569083995713,2093.0,1247.128637,2,6,15.0,524.8333333333334,0.00329999999998,250.0,0.0005,0.028,2,2,0.018,,,0.028,0,1,,,,0.028,0,0,5.454545454578512,3,0.0024000000000000002,3,18.0,0.0011,,,-0.000565543610507812,2,1.0,1,49,99.7,25.0,367
brave_raf,Dr Rafa,0xcbb7274ec82a7cca079ca22488026cc998453d65,10409.0,1467.0,80,71,0.8875,63,16,1,1016.6290079999999,1016.6290079999999,994.0072069999999,0.0,3,2,0.9296188047940411,0.9635866821111408,0.7825658483831864,13661.0,376.25341,0,2,103.0,4996.666666666667,0.009899999999,120.0,0.0008,0.028,1,2,0.004,10000.0,,0.028,1,1,,,,0.028,0,0,0.4040404040812162,1,0.0008,1,34.0,0.0008,,,,0,1.0,2,8,26.1,565.0,832
hannahhughes,Hannah Hughes,0x9f4703c94ddfc7c4e0b86d99c4e0951594f7220b,29350.0,1247.0,90,83,0.9222,79,11,0,276.932485,266.69241,266.69241,0.0,1,0,0.7904745970665328,0.7904745970665328,0.9704482853486532,18785.0,266.69241,0,1,18785.0,18785.0,0.015,300.0,0.002,0.028,1,1,,,,0.028,0,0,,,,0.028,0,0,,2,0.00479999999997,2,0.0,0.00279999999997,,,,1,1.0,0,0,,,80
katexbt,katexbt.hl,0x69f66bd6628ff27222da37245ed686c3ef4766c9,29110.0,2008.0,74,59,0.7973,64,9,1,5011.4622899999995,4992.853061,4877.754929000001,106.8515,4,2,0.9895040450478657,0.9966140960527489,0.9293613251088306,160.0,3257.38802,0,2,81.0,135.5,0.009899999999,,,0.028,0,1,0.0888,3000.0,,0.028,1,1,,,,0.028,0,0,8.969696970603,0,0.0,0,,,,,,0,,0,0,,,5911
twenty3ry,Twenty3ry,0x79426e9758d6385ae224cb81defb548a57c6efd6,906.0,1200.0,79,73,0.9241,65,13,1,450.9154300000001,440.64524400000005,368.221663,0.088967,1,5,0.9683685289138376,0.9683685289138376,0.8991847092928914,,,0,4,1065.0,1065.0,0.0014,155.0,0.0006,0.028,4,3,0.0022,,,0.028,0,2,,,,0.028,0,0,1.5714285714285716,7,0.005,4,23.0,0.0008,,,-0.00017542377629202184,4,0.5714285714285714,1,7,26.1,566.0,73
EricCLFung,EricF,0x50b4722535eb9a10be7923cde9b866b8af95b1db,19829.0,1517.0,89,68,0.764,77,11,1,7175.057722999998,7153.421015999998,5989.88769,76.769883,17,9,0.8898720807516957,0.952680703277621,0.7570730771890639,509.0,2010.614482,5,6,4.0,111.3529411764706,0.0021,1000.0,,0.028,1,3,,,,0.028,0,0,,,,0.028,0,0,,0,0.0,0,,,,,,0,,1,17,69.1,298.0,4653
bigZUKO_,mayowa 🍀,0x6dabf5fb3ab861a3db80027ad377bff75cc5aed9,9127.0,1296.0,84,77,0.9167,65,19,0,1850.349234,1850.349234,1824.71056,0.0,2,3,0.9611011004080992,0.9611011004080992,0.7391812905669288,925.0,1669.974312,0,2,925.0,1598.5,0.003,100.0,0.0006,0.028,5,2,,2000.0,,0.028,1,0,,,,0.028,0,0,,4,0.0026,4,21.0,0.0008,,,-0.00015707401526774098,2,1.0,0,0,,,496
PlatyMama_,🥚PlatyMama,0x8872913f8fbf05d6b8d3b6f7d941419c834cf653,14635.0,1374.0,89,83,0.9326,72,16,1,595.5632459999999,595.5632459999999,516.92801,0.0,2,6,0.8881307250377191,0.8881307250377191,0.6079006473106863,13767.0,372.947305,0,5,2363.0,8065.0,0.00239999999997,150.0,0.0006,0.028,1,3,0.014999999999,1000.0,,0.028,1,2,,,,0.028,0,0,6.249999999661459,4,0.003,3,23.0,0.0011,,,-0.0003416240729769956,1,0.75,3,22,86.4,169.0,467
queenmoon1337,MOON (power up/arc),0x070ca102a4f85355b59c3550e283a46db5bbdc5e,19656.0,1567.0,90,84,0.9333,73,16,1,198.10630099999997,198.10630099999997,198.10630099999997,0.0,2,0,0.7783496378518677,0.7783496378518677,0.4443128833594245,28017.0,128.349484,0,1,4404.0,16210.5,0.0016,199.0,0.0008,0.028,2,3,,,,0.028,0,0,,,,0.028,0,0,,1,0.0008,1,0.0,0.0008,,,,1,1.0,0,0,,,67
Dbiljonaire,DB,0x9736a413b57ef971ef9da0ad83f90dbaeaaaf096,5760.0,1220.0,96,90,0.9375,79,16,1,941.6768870000001,941.6768870000001,859.373955,0.0,3,12,0.8244857661295845,0.8011153867603591,0.8834597408387724,17831.0,284.63629,0,7,139.0,6208.333333333333,0.00144,100.0,0.0006,0.028,4,2,0.05,2500.0,,0.028,1,1,,,,0.028,0,0,34.72222222222222,3,0.0018,2,20.0,0.0006,,,0.0,3,0.6666666666666666,0,0,,,7
senzer,Senzer,0x8c1ffd11b9cd30fa2237a9bc33d3ad17157acb6e,5119.0,1465.0,79,69,0.8734,67,12,0,0.0,0.0,0.0,0.0,0,0,,,,,,0,0,,,0.0024,133.0,0.0007,0.028,3,5,,,,0.028,0,0,,,,0.028,0,0,,1,0.0007,1,31.0,0.0007,,,,0,1.0,1,10,45.8,432.0,695
Potterplays1,Potter🧙‍♂️,0x1ea1efd2d8260eda82b75ce708ed2625d2e57602,20669.0,1457.0,70,65,0.9286,57,13,0,615.795605,615.795605,565.3285549999999,0.0,3,0,0.8739350272254797,0.8781663041659695,0.457399120449595,10923.0,476.516858,0,2,131.0,5581.666666666667,0.0097,250.0,0.0007,0.028,3,2,0.0045,600.0,0.0044,0.028,1,1,,,,0.028,0,0,0.46391752577319584,3,0.009599999999960002,3,24.0,0.0007,0.00449999999996,,-0.004065334961968906,1,1.0,0,0,,,690
UxGsol,UxG,0xe56d1a03bc9224a0d030b4a682292356f59e7b23,89844.0,1305.0,84,76,0.9048,73,11,0,2506.826089,2506.826089,2479.9049889999997,0.0,4,1,0.9783629409444283,0.9786380076012028,0.7139958237775137,3719.0,980.251958,0,3,5.0,1027.25,0.012,135.0,0.0008,0.028,3,4,0.024,1868.0,,0.028,1,1,,,,0.028,0,0,2.0,1,0.0008,1,24.0,0.0008,,,,1,1.0,4,6,6.6,858.0,32
GeoOnchain,AG,0x53cbc4d1a7e2a90c96e44d0fc2f34ab536e77541,18315.0,1287.0,67,62,0.9254,55,11,1,2383.3279070000003,2383.3279070000003,2369.657266,0.0,5,2,0.9433372262568323,0.9938775510204082,0.806900549200557,4184.0,925.96774,0,4,6.0,1003.4,0.0035,150.0,0.0005,0.028,1,2,0.008,1000.0,,0.028,1,2,5.0,,,0.028,0,1,2.2857142857142856,4,0.0029000000000000002,3,16.0,0.0011,,,-0.00041612266593616043,2,0.75,0,0,,,2444
Y4NGO,YANGO,0xe963612f4ddae44a9d5f9159c583dfc5e4bf2b9a,15116.0,1473.0,83,73,0.8795,71,11,1,367.846715,357.435427,248.188693,0.0,3,2,0.8251694569498104,0.875790786777154,0.6375840431215524,28954.0,119.183045,1,4,116.0,11084.0,0.0026,100.0,0.0006,0.028,5,2,,,,0.028,0,0,,,,0.028,0,0,,2,0.0014,1,22.0,0.0008,,,,1,0.5,1,8,12.8,740.0,93
InfinityGlock99,InfinityGlock,0x5181372c210699dfa82d865ff6854964bfbc11b8,10422.0,1447.0,94,91,0.9681,79,14,1,250.516206,250.516206,240.544383,0.0,2,2,0.7846443721793482,0.7846443721793482,0.44734682583454644,23384.0,185.587421,0,2,5720.0,14552.0,0.00698999999996,125.0,0.0006,0.028,6,4,,,,0.028,0,0,,,,0.028,0,0,,4,0.0031,4,22.0,0.001,,,-0.00027786145903848107,1,1.0,0,0,,,313
Abstract_Hzn,Abstract Horizon,0xb1e885b43859871b88ea0e5eb1ae8727b3adf6ea,8815.0,1169.0,68,62,0.9118,58,10,0,1483.9848229999998,1483.9848229999998,1473.151918,0.0,2,5,0.9589031583552245,0.9589031583552245,0.9385780556997334,6457.0,726.424011,0,4,47.0,3252.0,,320.0,0.0006,0.028,1,0,,400.0,,0.028,1,0,,,,0.028,0,0,,2,0.0014,2,15.0,0.0008,,,,1,1.0,0,0,,,1646
cryptodaaddy,Crypto Daddy ֎,0xed28d92ec1dfd688df09bb3a207942a5d9fd3938,24193.0,1265.0,79,74,0.9367,69,10,0,2064.58674,2064.58674,1786.975623,76.511139,7,5,0.9632469701956193,0.9666053203948469,0.5789740661654053,2994.0,1085.50838,1,6,50.0,688.7142857142857,0.0019,350.0,0.0006,0.028,1,3,0.1,3500.0,,0.028,1,1,,,,0.028,0,0,52.631578947368425,1,0.0006,1,23.0,0.0006,,,,1,1.0,0,0,,,1221
flb_xyz,FLB,0xc8f5e91a1e4bb9252f4c8f4cd5c85776f13f4669,17714.0,1613.0,88,74,0.8409,67,20,1,5572.337189000001,5561.807204000001,4866.555889,184.1506,9,4,0.9589557525657116,0.9810714285714286,0.7422180834948919,510.0,2010.483282,3,6,29.0,114.33333333333333,0.00499,150.0,,0.028,2,2,,2500.0,,0.028,1,0,,,,0.028,0,0,,0,0.0,0,,,,,,0,,1,12,16.1,684.0,7282
0xChvd,Jay,0x064fe42cf4b95d8fc2fd91c164674cb4e7b19751,1099.0,1290.0,88,79,0.8977,78,10,0,1298.898881,1288.541866,1262.342332,0.0612,2,9,0.8405397398200125,0.8405397398200125,0.8971271487275571,,,0,5,132.0,507.0,0.008,150.0,,0.028,2,2,,,,0.028,0,0,,,,0.028,0,0,,0,0.0,0,,,,,,0,,1,1,0.3,1021.0,136
connetwitheasy,𝐞𝐢𝐳𝐳𝐢𝐞🍡,0x98f9ee9df9230831dd2fff4bc82da8148d11fdb9,2543.0,1311.0,91,83,0.9121,70,21,0,1354.321058,1354.321058,1335.40521,0.0,2,5,0.9532145254125488,0.9532145254125488,0.8559883075079233,7071.0,684.79451,0,4,495.0,3783.0,0.00209999999999,150.0,0.0008,0.028,2,3,0.1,2000.0,,0.028,1,1,,,,0.028,0,0,47.619047619274376,1,0.0008,1,34.0,0.0008,,,,0,1.0,1,9,11.5,761.0,165
AdrewXvii,ADREW from XVII.,0x6a141932a29eb6fe739184aa01a19929b49cf81e,8533.0,1223.0,75,69,0.92,57,16,2,238.145898,238.145898,221.61183,0.0,2,2,0.7616376612690068,0.7616376612690068,0.6930658474717942,36776.0,62.972888,0,2,2240.0,19508.0,,100.0,0.0005,0.028,3,0,0.1,800.0,0.0011,0.028,1,1,,,,0.028,0,0,,5,0.005,4,18.0,0.002,0.0011,,-0.001240043340289952,4,0.8,0,0,,,352
MINHxDYNASTY,۟,0x15c6e23110513ab0843fdf06288736cedc9ae222,71170.0,1923.0,70,57,0.8143,54,15,1,6083.345867999999,6051.303766999999,6047.307545999999,0.0,4,1,0.9052203734252049,0.9064784947251996,0.6839211897158368,58.0,5859.320078,0,3,24.0,1477.0,0.015,,0.001,0.028,0,2,,,,0.028,0,0,,,,0.028,0,0,,1,0.001,1,26.0,0.001,,,,1,1.0,0,0,,,6067
SHADOW_NFT15,SHΔDOW,0xa03425f46ff1f03ee875e3c7a958b86e05108a37,26649.0,1634.0,92,85,0.9239,78,13,1,2626.343667,2626.343667,2447.256509,20.7665,6,4,0.971963598706707,0.9783460915414852,0.912027742521072,1255.0,1503.247522,0,6,24.0,384.1666666666667,0.012,500.0,0.0007,0.028,1,1,,,,0.028,0,0,,,,0.028,0,0,,2,0.0015,2,2.0,0.0008,,,,2,1.0,0,0,,,1126
Sk0rpETH,Sk0rp.eth,0x12b6d12a6b5d23804c94ec1e40e0df5e91bd0cc0,3258.0,1942.0,71,67,0.9437,55,15,1,123.51609300000001,123.51609300000001,117.49547100000001,0.0,2,1,0.7105181398853118,0.7105181398853118,0.4965046846178086,37075.0,61.543297,0,2,5570.0,21322.5,0.00399898,150.0,0.0005,0.028,2,1,,,,0.028,0,0,,,,0.028,0,0,,2,0.0010999999999999998,2,14.0,0.0006,,,,2,1.0,1,1,0.3,1043.0,90
viiibe,viiibe,0xfbb535dee3312bc2ce91f964950b0b53a5381306,18637.0,1304.0,95,89,0.9368,75,18,2,3137.669761000001,3127.2212310000004,3050.7877050000006,0.0,6,4,0.9805750236442385,0.9880761412140489,0.7392740388895856,5324.0,814.759566,1,4,26.0,962.0,0.0015,600.0,0.0015,0.028,1,4,0.015,,0.0016,0.028,0,3,,,,0.028,0,0,10.0,2,0.0031000000000000003,2,24.0,0.0015,0.0016,,,1,1.0,1,36,81.1,221.0,64
ghostdotxyz,Ghost,0x488ca43b7032453597481d260b7b3887bb61e50c,7138.0,1568.0,86,79,0.9186,67,17,2,989.4734579999999,989.4734579999999,988.777218,0.0,2,3,0.9136826117828004,0.9136826117828004,0.6136183840215726,4291.0,915.188468,0,2,4201.0,4246.0,0.003,160.0,0.0005,0.028,2,3,0.003,,,0.028,0,2,,,,0.028,0,0,1.0,4,0.0034800000000000005,3,20.0,0.00109,,,-0.0004958797921066916,1,0.75,0,0,,,216
fimmonaci,fimmonaci,0xf8091a1a3055c9a8a7492e7dcc31162d000747c7,13240.0,1613.0,62,57,0.9194,47,14,1,972.1328149999999,972.1328149999999,972.1328149999999,0.0,2,0,0.9181468511371069,0.9181468511371069,0.624289353931317,4545.0,889.148375,0,1,3805.0,4175.0,0.008,,0.008,0.028,0,1,,,,0.028,0,0,,,,0.028,0,0,,1,0.008,1,38.0,0.008,,,,0,1.0,2,7,10.7,773.0,38
evans1vn,evans,0x3ff82d553c453f8ffc1e6544d0308b18ad8f6dca,60341.0,1321.0,90,84,0.9333,73,15,2,198.023548,198.023548,198.023548,0.0,2,0,0.7727533236709216,0.7727533236709216,0.4261809023183539,27034.0,138.879694,0,1,5150.0,16092.0,0.00143999999998,299.0,0.0006,0.028,3,5,0.00999999999997,1000.0,,0.028,1,2,,,,0.028,0,0,6.9444444445200615,1,0.0006,1,25.0,0.0006,,,,1,1.0,0,0,,,211
maskjiro,MaskJiro🫎,0x840b924613f78b4d5f243552ca0c9557288d7614,5146.0,1356.0,71,67,0.9437,55,15,1,4339.666387,4329.384423,3907.6404930000003,24.345,6,8,0.954097779262189,0.9875492263325995,0.8279843436510306,3953.0,951.448555,1,6,16.0,729.0,0.0026,249.0,0.0005,0.028,2,5,0.00599898,,0.001,0.028,0,1,,,,0.028,0,0,2.3073,3,0.002,3,4.0,0.0005,0.001,,0.00048773816253147345,2,1.0,1,32,96.9,86.0,1199
PhinTotten,Phin,0x1c67724acc76821c8ad1f1f87ba2751631babd0c,29676.0,1631.0,75,67,0.8933,63,11,1,4045.715388,4045.715388,4036.621118,0.0,4,1,0.9597131007658826,0.9630608313246645,0.8353491781117481,157.0,3288.056055,0,3,137.0,480.0,0.00398999999998,105.0,0.0005,0.028,1,3,,400.0,,0.028,1,0,,,,0.028,0,0,,3,0.0021999999999999997,2,19.0,0.0009,,,-0.00038493050647928095,1,0.6666666666666666,0,0,,,4346
vohvohh,voh,0xaf5a2cb0a6eb68f66cda5ad684d76940fc1886b0,116488.0,1684.0,71,62,0.8732,54,16,1,4292.871951,4252.992523,4175.040422,0.0,3,3,0.9928915815406558,0.9973269179363806,0.8489192735135634,219.0,2640.091239,0,3,13.0,107.33333333333333,0.05,3333.0,,0.028,1,1,0.035,10000.0,,0.028,1,1,,,,0.028,0,0,0.7000000000000001,0,0.0,0,,,,,,0,,0,0,,,5543
Nadir_Nfts,NADIR || Community Builder,0x1cbf3b005a908891ff209386381a1e3d97e2978d,10086.0,1571.0,69,63,0.913,51,18,0,405.001469,405.001469,405.001469,0.0,2,0,0.8543023693848983,0.8543023693848983,0.5233107917183076,15961.0,322.267702,0,1,3817.0,9889.0,0.00989,,0.0007,0.028,0,2,0.0198,,,0.028,0,2,,,,0.028,0,0,2.002022244691608,2,0.0014,2,31.0,0.0007,,,,0,1.0,0,0,,,74
SHL_eth,SHL,0x0878f14aac0885e454dbc123ce853d21ef3d3fc1,7264.0,1600.0,82,77,0.939,74,8,0,1520.494732,1510.0068860000001,1506.054832,0.0,1,1,0.9860911270983214,0.9860911270983214,0.9467421628378003,1247.0,1506.054832,0,2,1247.0,1247.0,0.0098999999,,0.00119,0.028,0,1,,,,0.028,0,0,,,,0.028,0,0,,2,0.00169,2,0.0,0.00119,,,,2,1.0,0,0,,,1425
MookieNFT,Mookie,0x2be68486fd2ea6a7a4c63eed04069c0002bd845a,150737.0,1783.0,86,77,0.8953,76,10,0,2492.07849,2492.07849,2438.585708,0.0,4,5,0.926329550857656,0.9747595485717494,0.7767806946476293,816.0,1741.223699,1,5,69.0,391.75,0.00999999999997,,,0.028,0,1,,,,0.028,0,0,,,,0.028,0,0,,0,0.0,0,,,,,,0,,0,0,,,7583
Jakeronthia_,Jake,0xfb47d1769a90f89cfb8ee11f37eb04d22282bc70,12451.0,1486.0,79,71,0.8987,72,6,1,648.336091,648.336091,645.598799,0.0,2,3,0.9075333691881031,0.9075333691881031,0.7718905777530085,11385.0,455.909434,0,2,1951.0,6668.0,0.003899,220.0,0.0008,0.028,2,2,,3000.0,,0.028,1,0,,,,0.028,0,0,,2,0.002,2,0.0,0.0012,,,,1,1.0,1,4,4.3,897.0,771
icobeast,IcoBeast.eth🦇🔊,0x87d4b0f65152798ab053eb28f3c8c8d88fe85ce5,68934.0,2199.0,74,60,0.8108,59,14,1,10657.737104000002,10629.545276,10499.026458,0.0,5,2,0.9880563691755292,0.9825834542815675,0.7830132982129524,13.0,8547.887547,0,4,12.0,60.2,,,,0.028,0,0,,,,0.028,0,0,5.0,,,0.028,0,1,,0,0.0,0,,,,,,0,,0,0,,,10680
Sanza,Sanza,0x2894f4fe2c4dfc83b20445cf1511d9892fc7ba73,35373.0,1601.0,82,78,0.9512,73,8,1,1379.788765,1358.797924,1349.896524,0.0,3,1,0.9401078983556449,0.9433333333333334,0.6573307551647654,2755.0,1123.051667,0,2,85.0,1982.3333333333333,,,,0.028,0,0,,,,0.028,0,0,,,,0.028,0,0,,0,0.0,0,,,,,,0,,0,0,,,1548
shotguncaio,shotgun,0xf24841f53b8fa3135961fea10ec2ab0a89364608,40676.0,1440.0,78,77,0.9872,65,13,0,4138.448327000001,4116.928066000001,3481.0830889999997,108.825,4,4,0.9948082320030103,0.9949283235801094,0.7104393096711067,494.0,2023.747254,0,4,15.0,171.5,,,,0.028,0,0,0.019,,,0.028,0,2,,,,0.028,0,0,,0,0.0,0,,,,,,0,,0,0,,,4497
0xMelkoreth,Melkor.eth,0xeb8d41f177e19968273baf9100daf516084d30da,20834.0,1244.0,76,69,0.9079,57,19,0,2564.1615279999996,2564.1615279999996,2261.763243,10.250361,5,4,0.9577937128433561,0.9650326250627405,0.694730637036729,3135.0,1061.541444,1,4,13.0,736.4,0.009899999999,220.0,0.0006,0.028,2,1,0.006,500.0,0.0011,0.028,1,1,,,,0.028,0,0,0.6060606061218243,2,0.0017000000000000001,2,21.0,0.0006,0.0011,,,2,1.0,0,0,,,2490
MatDefies,Mat,0xa088ca284c7ad6fdf620b4b92f9caa7cd304aa90,24530.0,1547.0,65,63,0.9692,54,11,0,124.181472,114.02355299999999,113.307248,0.0,2,2,0.6777423076240958,0.6777423076240958,0.451642476840494,36721.0,63.272399,0,2,7910.0,22315.5,0.006,,,0.028,0,3,,,0.0012,0.028,0,0,,,,0.028,0,0,,1,0.0012,1,22.0,,0.0012,,,1,1.0,0,0,,,63
PoyoEB,Poyo,0x0f3bb570671046491a84dcb36e534a1fa31edf4b,41898.0,1251.0,64,60,0.9375,54,10,0,1392.886687,1382.753815,1382.753815,0.0,2,0,0.9400889018803669,0.9400889018803669,0.96756336915422,1934.0,1285.074455,0,1,1934.0,2621.0,0.0020999996,345.0,,0.028,2,5,0.005,249.0,0.001,0.028,2,1,,,,0.028,0,0,2.3809528344672066,1,0.001,1,5.0,,0.001,,,1,1.0,0,0,,,1451
_matisei,Mati,0x7380867b1329385c24b5ae39aa2cb67ae7a825ee,7526.0,1268.0,87,83,0.954,69,16,2,1552.546132,1552.546132,1523.1358300000002,12.4278,3,3,0.9609602633655802,0.9517037532764486,0.826449717996896,4330.0,909.518486,0,4,231.0,1730.0,0.025,400.0,0.00129999,0.028,1,1,,,,0.028,0,0,,,,0.028,0,0,,1,0.00129999,1,34.0,0.00129999,,,,0,1.0,1,34,59.6,345.0,817
thebbz,thebbz 👷🏼‍♂️,0xcc0ff1d8cb212363abd32bfc6eee7602f7a84a0d,1540.0,1400.0,78,73,0.9359,66,12,0,1735.8370400000001,1725.470217,1686.470217,0.0,4,0,0.9254483891419103,0.9937934216677262,0.8512278555674346,,,0,3,29.0,116.5,0.01,380.0,0.0005,0.028,1,1,0.05,1500.0,,0.028,3,2,,,,0.028,0,0,5.0,2,0.001,2,1.0,0.0005,,,,2,1.0,0,0,,,0
shivst3r,Shiv,0x568d1d950c6b71c32a43e711fedd9a9eaf441de5,51585.0,1506.0,96,85,0.8854,79,17,0,11733.896211999996,11707.695404999997,11648.854083999999,0.0,5,3,0.9882931123853274,0.9985743562327364,0.8140609443913513,75.0,5529.480653,0,5,5.0,49.2,,800.0,,0.028,1,0,0.022,6000.0,,0.028,1,1,,,,0.028,0,0,,0,0.0,0,,,,,,0,,0,0,,,14228
WEB3Eliza,Eliza,0x380b42b269456a79a6ef2e989191292aa2f76096,88161.0,1253.0,90,85,0.9444,80,10,0,1796.185392,1786.009056,1785.9453819999999,0.0,3,1,0.9797223541669204,0.9858568958786459,0.9086531711427313,1268.0,1499.645588,0,2,153.0,946.6666666666666,,,,0.028,0,0,,,,0.028,0,0,,,,0.028,0,0,,0,0.0,0,,,,,,0,,1,23,70.1,293.0,202
AshleyDCan,Ashley,0x628082e4caddb16f37c65c80245a40ae35116305,190710.0,1450.0,76,69,0.9079,63,13,0,3806.023471,3774.42895,3769.252775,0.0,3,1,0.9377507947970235,0.9602778380724983,0.5203962015621678,139.0,3613.419054,0,2,139.0,1740.0,,,,0.028,0,0,,,,0.028,0,0,,,,0.028,0,0,,0,0.0,0,,,,,,0,,0,0,,,2774
adamagb,Untamed Adam 🐺,0xeac0fbba47ea4d3fff69019527092568492f2450,9305.0,1902.0,95,84,0.8842,76,18,1,2324.724215,2324.724215,2209.967905,0.0,5,6,0.8798018477563238,0.948524901009425,0.7424312201285745,4615.0,882.199423,1,5,19.0,1330.8,0.004499999999,385.0,0.0006,0.028,1,1,0.009899999999,990.0,,0.028,1,1,,,,0.028,0,0,2.200000000266667,2,0.0018,2,22.0,0.0012,,,,1,1.0,1,34,91.3,130.0,84
Scooter_420,scoot,0x82faabb620d146774fb14be48267795d3d56e856,49322.0,1267.0,99,92,0.9293,79,20,0,2074.1855689999998,2035.380714,1953.891644,23.692662,3,6,0.850780040699305,0.9354599186195016,0.6458602417519715,760.0,1784.530237,0,4,760.0,1327.3333333333333,0.00144999999,300.0,0.0006,0.028,2,3,0.007999999996,10000.0,,0.028,1,1,,,,0.028,0,0,5.517241414601665,4,0.0031,3,25.0,0.001,,,-0.0002826943235439648,1,0.75,0,0,,,107
T_A_K_E_N_1,Taken🎒,0xc2f321224f21491250f7ecd1e6a9e336d70b3db7,11619.0,1362.0,64,61,0.9531,48,16,0,756.457438,756.457438,656.337097,0.0,3,3,0.9083377454165902,0.9150110375275938,0.5557432032993789,10260.0,504.9553,0,3,154.0,4319.333333333333,0.00144,350.0,0.0006,0.028,2,2,,800.0,,0.028,1,0,,,,0.028,0,0,,2,0.0015,2,25.0,0.0009,,,,1,1.0,1,3,0.8,975.0,609
RajPatel,Raj,0x2515c2f111c9f5850050cb7e5738a76afcd19fbb,10248.0,1476.0,85,80,0.9412,77,7,1,7828.246584999999,7811.977293999999,7784.977293999999,0.0,9,0,0.9470944960182391,0.9464720194647201,0.7652123765870955,222.0,2627.74558,0,4,6.0,127.0,0.00399999999998,200.0,0.001,0.028,2,5,,,,0.028,0,0,,3000.0,,0.028,1,0,,3,0.0031,2,24.0,0.0013,,,-0.00011624135262462943,1,0.6666666666666666,0,0,,,0
monitalan,MonicaTalan,0xd164572b07a7a022facd4b0a63a72c9280ad78e2,13564.0,1443.0,88,82,0.9318,70,18,0,5314.565576,5275.428455,4719.868132,0.0,8,4,0.9873447884417388,0.990306648177773,0.7698466620309514,414.0,2102.415708,2,5,3.0,105.0,0.02,1250.0,0.01,0.028,1,1,0.015,,0.0011,0.028,0,1,,,,0.028,0,0,0.75,3,0.0118,3,3.0,0.01,0.0011,,-0.0025118513391471802,2,1.0,4,93,99.2,35.0,8
THE_INKSOMNIA,Seinde,0xc4f6f4e7906564af3c03179fdb913ccc5ea9d54c,10637.0,1225.0,58,53,0.9138,46,12,0,229.0351,229.0351,180.084777,0.0,2,2,0.7643405724498188,0.7643405724498188,0.9169303018173329,33285.0,84.359988,0,2,3369.0,18327.0,0.009899999999,,0.0006,0.028,0,1,0.0039,,,0.028,0,2,,,,0.028,0,0,0.39393939397918576,2,0.0010999999999999998,2,22.0,0.0006,,,,2,1.0,1,8,29.7,532.0,73
davidonchainx,david 🔛⛓️,0x3b9fe52f152f1ce3ece663c3ae8277fd9453cc25,17088.0,1333.0,94,85,0.9043,76,18,0,2776.9439650000004,2741.1970180000003,2691.342759,0.0,2,4,0.9898200231581642,0.9898200231581642,0.8536628809492919,462.0,2056.472106,0,3,462.0,487.0,0.005,,0.0006,0.028,0,2,,,,0.028,0,0,,,,0.028,0,0,,1,0.0006,1,23.0,0.0006,,,,1,1.0,0,0,,,2002
bored_vic,Bored Vic,0x4d1783d9a025987c746399b8033abc47965be8df,3830.0,1681.0,65,55,0.8462,56,9,0,3932.752545000001,3922.584839000001,2917.3776929999995,6.016007,9,21,0.8591113677108012,0.9069209748480286,0.5148791794891285,8345.0,602.920018,3,7,19.0,1038.888888888889,0.00338999999998,600.0,0.0006,0.028,1,3,0.1,3000.0,,0.028,1,1,,,,0.028,0,0,29.498525073920344,4,0.0026,4,21.0,0.0009,,,-0.00024057375114408216,2,1.0,1,39,82.6,205.0,0
KalkixWeb3,Kalki,0xefa318986f5494ea732cc923a579dafaf145e970,842.0,1223.0,82,79,0.9634,72,10,0,283.501336,283.501336,248.809436,0.0,1,5,0.9542605958002911,0.9542605958002911,0.9369024694063451,,,0,3,1540.0,1540.0,0.009899999999,120.0,0.0007,0.028,3,1,,,0.0008,0.028,0,0,,,,0.028,0,0,,3,0.0021,2,1.0,0.0007,0.0008,,0.00017677162375156932,2,0.6666666666666666,1,4,17.6,667.0,12
Oxxyy13,Oxxyy,0x8d7bbfa0506ea95c73d864310818acc3e5fa05d9,6616.0,1347.0,84,77,0.9167,67,14,3,910.700659,900.397707,828.917117,0.0,4,4,0.881522463471903,0.9107116231633778,0.7663983490988157,12048.0,431.576331,0,4,110.0,3454.25,0.00999,999.0,0.0008,0.028,2,1,,,,0.028,0,0,0.1,,,0.028,0,1,,2,0.0016,2,24.0,0.0008,,,,1,1.0,1,9,68.8,299.0,49
loshmi,Loshmi,0xc6b71cf73263c8024f55c401173aad76d83f6391,40298.0,1544.0,96,82,0.8542,83,12,1,3319.3632900000002,3319.3632900000002,3224.073053,0.0,2,1,0.9864399311879019,0.9864399311879019,0.8714939515946292,200.0,2776.15248,0,1,200.0,519.0,0.007,999.0,0.0025,0.028,2,3,0.045,,,0.028,0,1,,,,0.028,0,0,6.428571428571428,4,0.01649,4,9.0,0.00699,,,-0.0030304412554400502,3,1.0,0,0,,,186
merheb,merheb (streamer arc),0x18ddeae952457a83008a11b82968784beff38aa4,7380.0,1457.0,78,77,0.9872,69,9,0,2731.31655,2731.31655,2624.4217360000002,0.0,7,5,0.9122044194586242,0.9330210250404327,0.8104245976750554,6005.0,758.860598,2,6,19.0,980.5714285714286,0.0119,,0.0009,0.028,0,1,0.055,600.0,,0.028,2,2,,,,0.028,0,0,4.621848739495798,2,0.0015999999999999999,1,0.0,0.0009,,,,2,0.5,0,0,,,908
AndrewAsksHow,Andrew Forte,0x2dd5758f8d646ceee5e1bbb448ff28f6f2d37ce1,38416.0,1508.0,90,87,0.9667,76,14,0,1847.08743,1847.08743,1832.386387,0.0,6,1,0.9068203049900377,0.9471323769639728,0.8092257976895803,1954.0,1280.405571,0,4,116.0,831.8,0.009,490.0,0.0007,0.028,2,1,,,,0.028,0,0,,,,0.028,0,0,,1,0.0007,1,31.0,0.0007,,,,0,1.0,0,0,,,1903
3liXBT,"3lixbt (🗣️,🤝)",0xddc34e3745adb986a42392cebfa2c24f72e24d4a,16590.0,1613.0,95,87,0.9158,76,19,0,2314.801644,2314.801644,2260.8514499999997,0.0,2,4,0.9448814965669806,0.9448814965669806,0.6613151324053176,361.0,2171.433817,0,4,361.0,1968.5,,500.0,0.0005,0.028,2,0,0.09,,,0.028,0,1,,,,0.028,0,0,,3,0.0016999999999999997,2,1.0,0.0006,,,-0.00010118586183144982,3,0.6666666666666666,0,7,13.0,736.0,1224
zacxbt,zac.eth 🧙🏻‍♂️♦️,0x46d550542fbe83059bbe9747a3885598407bf518,49969.0,2150.0,72,58,0.8056,51,21,0,1913.9604230000002,1903.7808690000002,1864.065522,0.689846,3,8,0.9374063704119834,0.9306122448979592,0.4818487672180794,794.0,1758.051463,0,5,68.0,1516.6666666666667,0.008,2000.0,,0.028,1,2,,,,0.028,0,0,,,,0.028,0,0,,0,0.0,0,,,,,,0,,1,5,25.6,571.0,67
BlueTigerX_,BlueTiger,0x093442a013c0b80b887e69b2ef04252deced437a,21902.0,1776.0,79,71,0.8987,71,7,1,1245.487185,1235.406185,1011.3587670000001,0.0,2,15,0.9386030229545314,0.9386030229545314,0.6725087687083464,4818.0,861.297835,0,6,2325.0,3571.5,0.0029,200.0,0.0005,0.028,1,1,,,,0.028,0,0,,,,0.028,0,0,,2,0.0013,2,1.0,0.0008,,,,1,1.0,0,0,,,1470
Sinsonx,Sins,0xe3490f0a867e5f562bd0d68621986ae551f3379d,9029.0,1243.0,97,85,0.8763,84,12,1,1440.287998,1429.53603,1402.405928,0.0,2,1,0.8953259098147839,0.8953259098147839,0.4877009553200402,1703.0,1350.461895,0,2,1703.0,4056.0,,200.0,0.0005,0.028,2,0,0.005,,,0.028,0,1,,,0.005,0.028,0,0,,5,0.0073999999999999995,4,6.0,0.0007,,0.005,0.004020862001969708,5,0.8,0,0,,,123
PenguinWeb3,Penguin,0x4682dcf3a2b5863345b0a88cbf51a130a4fc99ce,19935.0,1549.0,86,78,0.907,64,19,3,2223.2514969999997,2223.2514969999997,2205.254172,0.0,3,6,0.9657869757849621,0.9658736523211262,0.7444179493154827,713.0,1821.361615,0,4,279.0,713.6666666666666,0.0099,300.0,0.0005,0.028,2,1,,,0.0018,0.028,0,0,,,,0.028,0,0,,3,0.003,2,15.0,0.0007,0.0018,,-0.00019481024047167929,2,0.6666666666666666,2,12,30.9,523.0,1213
IdMintThat,Mick ➡️ ETH Denver ✈️,0x7f9efc77234dd34328b764d68606de972e24a510,23942.0,1360.0,80,76,0.95,70,9,1,2088.413144,2075.680851,1883.3201760000002,0.0,4,1,0.9628127910718761,0.9908784854078825,0.5781680975658829,788.0,1762.20697,1,3,9.0,1297.75,0.003,300.0,,0.028,4,2,,,,0.028,0,0,,,,0.028,0,0,,0,0.0,0,,,,,,0,,0,0,,,148
m00des,andrazmode,0x562b11c76e233f059b7a3957a961c58e64afe2b5,8145.0,1486.0,77,72,0.9351,61,15,1,2892.594936,2892.594936,2653.555644,0.0,5,5,0.9484700498739731,0.9826666666666667,0.8085667476452558,1502.0,1419.342856,0,6,26.0,411.0,0.005,350.0,0.0008,0.028,3,3,,,,0.028,0,0,,,,0.028,0,0,,3,0.0024000000000000002,2,35.0,0.001,,,-0.00016893561762489453,0,0.6666666666666666,0,0,,,0
HelloBenWhite,Benjamin,0x9571f51b11f86d878d9d512228fe7b266e807432,21583.0,1332.0,86,77,0.8953,61,21,4,2276.412734,2276.412734,2183.109723,0.0,3,5,0.9783560694881679,0.9935196029223133,0.8455926386149498,581.0,1945.018384,0,5,28.0,849.6666666666666,0.00209999999997,100.0,0.0005,0.028,3,3,0.0029955,,0.0015,0.028,0,1,,,,0.028,0,0,1.4264285714489489,3,0.0026,2,4.0,0.0006,0.0015,,-0.0006879946670062225,3,0.6666666666666666,0,0,,,3046
BuzzMalx,Buzz,0x02324e241f3bb5258341cb8cbc62322ae91f8744,6927.0,1319.0,81,78,0.963,65,15,1,174.831431,164.348783,156.913962,0.0,1,2,0.717037532764486,0.717037532764486,0.8421713677715945,25369.0,156.913962,0,1,25369.0,25369.0,0.00559,900.0,0.0006,0.028,2,1,,,,0.028,0,0,,,,0.028,0,0,,1,0.0006,1,15.0,0.0006,,,,1,1.0,1,17,35.5,485.0,61
ryannnsmit,Ryan,0x6e82ce36948f356adcc9d110f7a7a0138272e5ce,11886.0,1516.0,83,74,0.8916,66,17,0,233.04323,233.04323,207.136594,0.0,2,4,0.7835591350496187,0.7835591350496187,0.5135913928730869,29783.0,111.94535,0,3,3390.0,16586.5,0.00209989999979,100.0,0.0008,0.028,3,4,0.0089,,0.0011,0.028,0,1,,,,0.028,0,0,4.238297062188695,6,0.005600000000000001,5,16.0,0.0011,0.0011,,-6.576570165808126e-05,3,0.8333333333333334,0,0,,,203
D3TRIOTT,"DΞTRIOT | DGC 2.0🔺,♟️",0xa3eaf0ee1954b8e12dd1b3243ebe8e3d737b7979,9570.0,1340.0,77,70,0.9091,64,13,0,2277.527822,2267.371469,2070.588299,158.490373,4,5,0.9664789074922397,0.9746244122065681,0.8559822904500725,7173.0,678.179291,0,5,100.0,1879.0,0.00349999999998,100.0,0.0008,0.028,3,4,0.0149999999,990.0,,0.028,1,1,,,,0.028,0,0,4.2857142571673466,7,0.0057,5,0.0,0.0013,,,-0.0003284008969320773,6,0.7142857142857143,1,15,80.1,227.0,1669
Crypto_Zh0u,Zh0u,0xd97d2cf803e5261e1dc0273fae48328be2ea1242,8932.0,1659.0,85,76,0.8941,76,8,1,6261.868103999999,6261.868103999999,6221.8702410000005,0.0,4,8,0.9981941766558853,0.9989684010084436,0.9093048156585379,436.0,2080.949545,0,7,8.0,116.25,0.00989999999997,399.0,0.0005,0.028,3,3,0.028,,,0.028,0,1,,,,0.028,0,0,2.8282828282913988,3,0.0051,3,15.0,0.0035,,,-0.0016957738265189627,1,1.0,2,32,78.8,238.0,369
kaitodan,kaito dan,0x55b697715dcb9eac856cef399fde6f8964a777e0,11884.0,1447.0,78,75,0.9615,63,14,1,1747.9932450000001,1747.9932450000001,1688.888931,7.6928,4,2,0.9456402924359602,0.9413628359541717,0.8035253278404353,4419.0,901.989856,0,3,87.0,1729.25,,120.0,,0.028,2,0,,10000.0,,0.028,1,0,,,,0.028,0,0,,0,0.0,0,,,,,,0,,1,13,28.9,538.0,77
FourVork,Praetor,0x03dff61ef1aab8039e54bddebfb17c415e97ac84,6678.0,1558.0,93,80,0.8602,79,14,0,1656.915792,1656.915792,1656.915792,0.0,2,0,0.9707927216099348,0.9707927216099348,0.7507666625255234,4188.0,925.898251,0,1,394.0,2291.0,0.0014,400.0,0.0005,0.028,1,2,0.025,,,0.028,0,1,,,,0.028,0,0,17.857142857142858,2,0.001,2,28.0,0.0005,,,,2,1.0,0,0,,,1767
juliadziesinska,Julia,0xbe5a22ddf0d1f9d8ee1693f8a724ecc1a0bd6287,48713.0,1350.0,110,107,0.9727,93,17,0,1093.506114,1083.41284,1053.018292,0.0,3,3,0.961013742690246,0.9429479672076293,0.9070034401265993,5115.0,834.54349,0,2,56.0,2377.3333333333335,0.00898,900.0,,0.028,2,3,0.015,,,0.028,0,1,,,,0.028,0,0,1.6703786191536747,0,0.0,0,,,,,,0,,1,45,57.0,360.0,233
Hydraze420,Hydraze 🏴‍☠️,0x2a93e999816c9826ade0b51aaa2d83240d8f4596,131460.0,2122.0,92,85,0.9239,76,15,1,7324.343032999999,7324.343032999999,6727.643711999999,0.0,10,1,0.9658802967691809,0.9946321542071341,0.6840656777739207,196.0,2789.320437,2,6,2.0,66.6,,1400.0,,0.028,1,0,0.5,4500.0,,0.028,1,1,5.0,,,0.028,0,1,,0,0.0,0,,,,,,0,,0,0,,,15664
weston_union,Weston Union,0x4b4e44774b0a1850cec8c83f0c4f977105c3b696,2724.0,1231.0,91,84,0.9231,72,15,4,2221.8050829999997,2211.737823,2127.008374,10.2315,5,4,0.9064096956912711,0.9682784005353856,0.9385637034685008,2844.0,1109.369724,0,3,155.0,732.2,0.009899999999,,0.0011,0.028,0,1,0.005,,,0.028,0,1,0.12,,0.009,0.028,0,1,0.5050505051015203,2,0.0101,2,26.0,0.0011,,0.009,,1,1.0,1,1,0.3,1013.0,56
ChrisJourdan,Captain Zwingli 🍌🎙️,0xade44991d931ca62e4b56f59a7a8e9160067f48a,40539.0,1563.0,72,68,0.9444,59,12,1,2394.0851970000003,2376.5169530000003,2258.747098,0.0,4,4,0.9340027379135375,0.9380492918454024,0.7696125275698805,635.0,1897.076287,0,3,54.0,920.25,0.009899999999,,,0.028,0,1,,,0.0011,0.028,0,0,,,,0.028,0,0,,1,0.0011,1,15.0,,0.0011,,,1,1.0,2,21,46.0,431.0,1297
EscanorDz100,ESCANOR ⨀⚡️,0xbb4c9ffbdeba1e1fc6fb8be3f61bcb8f62afdb2a,2872.0,1302.0,76,70,0.9211,63,12,1,902.146502,881.90431,783.656665,0.0,3,9,0.8330672012173679,0.9086223055295221,0.7769006964751523,35511.0,69.783995,1,6,195.0,12051.666666666666,0.003,100.0,,0.028,4,4,,,,0.028,0,0,,,,0.028,0,0,,0,0.0,0,,,,,,0,,1,11,39.6,463.0,23
yulikay,Yuli Kay,0x6b2b639ecb1a04cf75a0c76b19ccc4202b522864,13754.0,1308.0,89,83,0.9326,73,15,1,560.6749659999999,539.78142,506.68807899999996,4.737978,2,4,0.8525930498584292,0.8525930498584292,0.4607854467230601,11517.0,450.937957,0,2,5601.0,8559.0,0.01,240.0,0.002,0.028,2,1,,,0.0034,0.028,0,0,,,,0.028,0,0,,2,0.0054,2,34.0,0.002,0.0034,,,0,1.0,0,0,,,0
Crypto_bn,Crypto 🔶 ₿N,0x4e2be7236c0cf2e30f7e1614a388f646cd0cea56,35645.0,1384.0,84,75,0.8929,65,19,0,2090.457169,2079.4509129999997,2075.355114,0.0,1,2,0.9950253750487982,0.9950253750487982,0.9549390736220771,446.0,2075.355114,0,1,446.0,446.0,0.002,399.0,0.0006,0.028,2,7,,399.0,0.0014,0.028,1,0,,,,0.028,0,0,,3,0.0026,3,22.0,0.0006,0.0014,,0.0008150269085995727,3,1.0,1,21,80.1,226.0,129
SHWEPPS_,SHWEPPS,0x77E0D545D1bAcaE5329C9DEdE7bB290313A27f05,2042.0,1228.0,67,62,0.9254,55,12,0,170.72711300000003,170.72711300000003,34.061559,0.0,2,6,0.6709812969115294,0.6709812969115294,0.1393188090103933,,,0,4,668.0,7395.5,0.00399999999997,380.0,0.0008,0.028,2,2,0.00698999999999,699.0,,0.028,1,2,,,,0.028,0,0,1.7475000000106062,4,0.0038,4,24.0,0.0013,,,-0.00036998713955417026,1,1.0,0,0,,,132
ZhugeLyang,LuBu (privacy szn),0xfd892f1bf7b54fe61bfca6bdd9b57b3b628c7532,6288.0,1423.0,95,86,0.9053,80,15,0,2386.409013,2386.409013,2386.409013,0.0,4,0,0.9873119119192302,0.9896970365860918,0.9219731547799209,868.0,1708.504833,0,2,13.0,474.0,0.0029,130.0,0.0006,0.028,3,2,0.004998,,0.0016,0.028,0,2,,,,0.028,0,0,1.723448275862069,2,0.0022,2,22.0,0.0006,0.0016,,,2,1.0,0,0,,,46
mayamaster,ɱɑყɑɱɑεʂƚɾ,0x83ca1b1bc3ed53ee117d898ec6cca47b503fd510,16458.0,1301.0,82,76,0.9268,68,14,0,75.798614,75.798614,54.327838,8.251953,1,1,0.8261605631292881,0.8261605631292881,0.07249478619046096,,,0,1,5853.0,5853.0,0.0097,200.0,0.0006,0.028,2,2,0.0039,,,0.028,0,1,,,,0.028,0,0,0.40206185567010305,5,0.0032999999999999995,4,15.0,0.0008,,,-5.279872643320506e-05,5,0.8,7,24,85.7,178.0,427
SirJoey,Sir Joey,0x9889bfda635f771927f6d622c6da1f2caf29b55c,11122.0,1406.0,94,83,0.883,83,10,1,2350.560465,2350.560465,2342.783509,0.0,2,2,0.9863130078668955,0.9863130078668955,0.884546481860077,750.0,1791.917381,0,2,640.0,695.0,,100.0,,0.028,3,0,,,,0.028,0,0,,5000.0,,0.028,1,0,,0,0.0,0,,,,,,0,,0,0,,,101
JefferyCrypt,JΞFF🧸,0xf2c9c6210cf82028ebde4aeebd27924a2e273912,40582.0,1228.0,78,73,0.9359,62,16,0,1221.150772,1210.0948939999998,1033.8639660000001,176.200245,1,1,0.9629022363504545,0.9629022363504545,0.9031276789851869,3326.0,1033.863966,0,1,3326.0,3326.0,0.0021,100.0,0.0015,0.028,2,1,,,0.001,0.028,0,0,,,,0.028,0,0,,4,0.0036999999999999997,3,15.0,0.0015,0.001,,0.0007058859291209428,4,0.75,0,0,,,303
parcifap,Parci,0x4e628959682c47a4c143d911b8f2d582375e2dcf,25962.0,1544.0,89,86,0.9663,70,18,1,3506.486642,3506.486642,3459.9576509999997,0.0,5,2,0.9827556702797595,0.9885714285714285,0.8426479638984385,4451.0,898.959672,0,3,3.0,930.8,0.0098,500.0,0.0011,0.028,3,2,0.1,3000.0,0.003,0.028,2,1,,,,0.028,0,0,10.204081632653063,3,0.0048000000000000004,2,30.0,0.0011,0.003,,-0.001843786965185553,0,0.6666666666666666,0,0,,,2448
AnnieNFTT,AnnieNFTT,0x5b448aebd7da37d393b7269e8a490c5feed559db,7944.0,1319.0,92,82,0.8913,78,14,0,1125.214236,1113.126385,980.182836,0.0,4,3,0.9595453060268302,0.9596914886281077,0.5293661983736049,6730.0,707.710906,1,4,30.0,2268.5,0.002999,155.0,0.0008,0.028,5,3,,,,0.028,0,0,,,,0.028,0,0,,2,0.0019000000000000002,2,0.0,0.0011,,,,1,1.0,1,29,70.1,292.0,102
Tma_420,T.M.A,0xdbd47f66aa2f00b3db03397f260ce9728298c495,48895.0,1880.0,76,70,0.9211,65,11,0,10636.278895000001,10636.278895000001,10636.278895000001,0.0,6,0,0.9838416257656261,0.9939837724906131,0.9056550220900252,43.0,6318.626589,0,2,1.0,52.833333333333336,0.03989999999999,5555.0,,0.028,1,3,,,,0.028,0,0,,,,0.028,0,0,,0,0.0,0,,,,,,0,,0,0,,,22058
banditxbt,banditxbt,0xc668ee5e6fc05a9106bd5080156656f33049d3c3,46197.0,1871.0,86,81,0.9419,74,12,0,7567.15563,7567.15563,6898.11393,0.0,7,0,0.9607202676452713,0.9750623441396509,0.7345393195139954,69.0,5586.939235,0,5,7.0,131.14285714285714,0.015,,,0.028,0,2,,,,0.028,0,0,,,,0.028,0,0,,0,0.0,0,,,,,,0,,1,104,93.4,116.0,112
LostSnow_Rin,Lost Snow (villain arc),0xff0fb6c4a0d6a88b426879c3a2af86170d2acc0b,7588.0,1459.0,77,70,0.9091,70,7,0,599.8870840000001,589.812264,589.812264,0.0,2,0,0.8741344160704583,0.8741344160704583,0.5249693017431497,9798.0,526.255521,0,1,4796.0,7297.0,0.0025,100.0,,0.028,3,2,0.009,,,0.028,0,1,,,,0.028,0,0,3.5999999999999996,0,0.0,0,,,,,,0,,2,21,63.7,323.0,285
oxtochi,tochi,0x038f14a321edb29e1be307302867bfd3d8216e06,71394.0,1510.0,88,75,0.8523,78,10,0,8763.818621000002,8734.066121000002,8676.007584,0.0,7,2,0.9764016769010775,0.9921428571428571,0.7339316017215387,77.0,5478.801338,0,4,1.0,74.85714285714286,0.008,1998.0,0.0013,0.028,3,5,,,,0.028,0,0,,,,0.028,0,0,,1,0.0013,1,16.0,0.0013,,,,1,1.0,1,35,88.2,153.0,6603
darkanft,D A R K A,0x2940c729c50dc01c935f46a18d12631cc3fa4993,1764.0,1225.0,76,70,0.9211,57,18,1,43.166913,33.041158,30.760093,0.0,1,4,0.6801508806320353,0.6801508806320353,0.9281716736031975,,,0,3,10769.0,10769.0,0.009899999999,100.0,0.0007,0.028,2,2,0.0069898,,,0.028,0,1,,,,0.028,0,0,0.7060404041117212,3,0.0023,2,32.0,0.0008,,,-0.00010001512363156736,0,0.6666666666666666,0,0,,,0
MrGreenity,MrGreenity,0xaadab6454aac210e6a25a5878aa8e8544945a525,10755.0,1467.0,97,92,0.9485,80,16,1,1563.745237,1563.745237,1561.156437,0.0,3,1,0.9274162137846491,0.9043290043290043,0.7117006399221729,1990.0,1271.071498,0,1,442.0,1931.6666666666667,0.00699,1000.0,0.0005,0.028,1,3,,,,0.028,0,0,,,,0.028,0,0,,3,0.0021,3,16.0,0.001,,,-0.0005030075161038431,2,1.0,1,35,78.8,236.0,43
ToriRibolla,Tori,0x6d3255e8ce047ae9e0ef618b7e824a6b2464c7a0,6645.0,1432.0,81,76,0.9383,71,10,0,1782.235828,1782.235828,1774.896238,0.0,4,2,0.8919883895214618,0.95937551378408,0.9058953065168349,1385.0,1458.158759,0,2,76.0,3375.0,,198.0,0.002,0.028,3,0,,,,0.028,0,0,,,,0.028,0,0,,2,0.0034400000000000003,2,9.0,0.002,,,,1,1.0,1,20,49.9,409.0,1031
CrypSaf,SafZ,0x2820930e1f7bbf5af46602b37941ee51a31e6cd9,32693.0,2278.0,87,76,0.8736,78,9,0,3806.6135839999997,3806.6135839999997,3768.343638,0.0,2,2,0.9873535867910856,0.9873535867910856,0.7929244884450859,156.0,3294.299885,0,2,156.0,474.5,0.1,4500.0,,0.028,1,1,,,,0.028,0,0,,,,0.028,0,0,,0,0.0,0,,,,,,0,,1,43,88.5,152.0,4897
solfrater_sol,SolFrater,0x4f4123ad96d6dad8625e341db4a96a0e4448d089,1728.0,1232.0,101,90,0.8911,84,14,3,201.70685600000002,201.70685600000002,136.047255,0.0,1,5,0.9270248596631917,0.9270248596631917,0.9305252160497522,,,0,5,2457.0,2457.0,0.00099,100.0,0.0008,0.028,4,3,0.0089,500.0,,0.028,1,2,,,0.0055,0.028,0,0,8.98989898989899,7,0.0096,5,0.0,0.0008,,0.0055,0.0018119859986591915,4,0.7142857142857143,0,0,,,0
0xBellinili,Bellinili,0xf2f1da07ecf9aa0cfdc503098295d5d7b29df320,1192.0,1183.0,81,74,0.9136,70,11,0,44.721972,34.613278,23.726689,0.0,1,2,0.6560634411476433,0.6560634411476433,0.7158293346366195,,,0,2,11580.0,11580.0,0.00208,90.0,0.0005,0.028,3,4,,,,0.028,0,0,,,,0.028,0,0,,3,0.0021999999999999997,3,11.0,0.0009,,,-0.00036826948744718093,1,1.0,1,5,15.6,692.0,75
diegoarmandoAD,DIEGO,0xc7d98e9479fd6e3e00490b0b2e1ac7a877421631,18843.0,1394.0,98,95,0.9694,80,17,1,3511.474361,3511.474361,2651.1071389999997,0.0,5,2,0.973410024878031,0.9773085033710535,0.6617145534187874,1740.0,1339.333991,2,3,6.0,571.2,0.00299999999998,140.0,0.0008,0.028,3,3,0.1,3000.0,0.0029,0.028,1,1,,,,0.028,0,0,33.33333333355556,2,0.0036999999999999997,2,24.0,0.0008,0.0029,,,1,1.0,4,58,95.9,91.0,357
the_jujukey,JUJU ☀️·,0x8c5a6417b711a754f84a356fa954a32830178a26,9354.0,1242.0,95,88,0.9263,77,17,1,444.09439399999997,444.09439399999997,443.38875800000005,0.0,2,2,0.8225352997473714,0.8225352997473714,0.44788304283561653,13192.0,392.741387,0,1,6996.0,10094.0,0.003,150.0,0.0011,0.028,2,2,,700.0,,0.028,1,0,,,,0.028,0,0,,1,0.0011,1,40.0,0.0011,,,,0,1.0,1,13,88.7,151.0,27
0xSanixxx,Sanixxx (anarchy arc),0xc141ea3b4ac71d6110d034229c7c885fc73b1918,3513.0,1533.0,68,64,0.9412,57,11,0,214.63942500000002,214.63942500000002,214.202224,0.0,2,1,0.7880311949317851,0.7880311949317851,0.8237685956494594,29061.0,118.1884,0,1,3360.0,16210.5,0.00499,,0.0005,0.028,0,3,,,,0.028,0,0,,,,0.028,0,0,,1,0.0005,1,15.0,0.0005,,,,1,1.0,1,8,81.6,217.0,92
zaimiri,zaimiri ✏️,0xad94810c4ecccf4035c4e90354d01b3d752195eb,55712.0,2190.0,85,82,0.9647,74,11,0,3563.4945850000004,3563.4945850000004,3262.897,72.369219,6,4,0.9613121239973569,0.9892970891436669,0.7014294048814026,585.0,1931.970317,1,5,38.0,248.33333333333334,0.005,500.0,0.0005,0.028,4,3,0.014,,,0.028,0,1,,,,0.028,0,0,2.8,3,0.0029,3,28.0,0.0012,,,-0.0005725298594942436,1,1.0,0,0,,,4338
Kaffchad,Kaff 📊,0xac5c69ac9c987503dace3f6bf1e365968397134f,19822.0,1317.0,65,62,0.9538,50,14,1,4528.233466,4528.233466,4151.973268,345.05175199999996,6,2,0.8819940575061048,0.8672739317683409,0.6726889237186536,152.0,3379.639208,0,4,51.0,534.6666666666666,0.009899999999,100.0,0.0005,0.028,3,2,0.05,750.0,,0.028,1,1,,,,0.028,0,0,5.050505051015203,2,0.0010999999999999998,1,19.0,0.0006,,,,2,0.5,1,2,9.0,814.0,5120
yonann,Yonan,0x5ecaaa54f750d90b43af26d0004f172cdbe6ef25,4997.0,1328.0,76,74,0.9737,65,10,1,861.744769,861.744769,794.911184,0.0,2,4,0.8217067084103367,0.8217067084103367,0.6825455217404501,6095.0,752.569879,0,4,6095.0,7906.0,0.00999999999997,,0.0005,0.028,0,1,,,,0.028,0,0,,,,0.028,0,0,,1,0.0005,1,6.0,0.0005,,,,1,1.0,1,19,89.3,145.0,439
gomtu_xyz,Gomtu,0x24894a02f19155bd09553e8008726a2973411287,14859.0,1460.0,82,77,0.939,69,12,1,5361.84219,5361.84219,5141.475892,201.3235,4,2,0.9947347422023443,0.9982215991441009,0.781433931738681,239.0,2544.458474,0,3,12.0,90.0,0.0099,469.0,0.0005,0.028,2,1,0.008,800.0,,0.028,2,2,,,,0.028,0,0,0.8080808080808081,1,0.0005,1,16.0,0.0005,,,,1,1.0,1,61,95.1,101.0,38
CreateWithTony,Tony,0x475681f36bb00c812028bc236f886016beb77d3c,2203.0,1335.0,96,87,0.9063,80,16,0,499.1197250000001,478.749202,196.047283,0.0,3,9,0.9483787120836039,0.9363806468858594,0.6442245660365228,,,1,5,90.0,826.6666666666666,,150.0,,0.028,1,0,,,0.0006,0.028,0,0,,,,0.028,0,0,,1,0.0006,1,28.0,,0.0006,,,1,1.0,1,17,73.1,271.0,76
Kudabajingan,Kuda 🐴,0x54ee298ceddb308f67cae76e9391a1e329d701b7,7040.0,1659.0,83,77,0.9277,66,17,0,627.077053,627.077053,599.331551,0.0,2,4,0.784797428029242,0.784797428029242,0.6753947262048563,8916.0,572.160724,0,3,8916.0,10029.5,0.00209999999999,200.0,0.0008,0.028,1,2,,,0.0005,0.028,0,0,,,,0.028,0,0,,5,0.0032099999999899995,4,9.0,0.0012,0.0005,,-0.0003940740754003687,3,0.8,1,11,19.2,650.0,553
Jackhaldorsson,Jack Haldorsson,0x8337261a0647336a71b19b1d67afc4791b460d62,11602.0,1486.0,87,83,0.954,73,13,1,1270.159606,1270.159606,1268.7568310000001,0.7041999999999999,2,3,0.9595343879934812,0.9595343879934812,0.8122856442562025,4167.0,928.196431,0,2,1160.0,2663.5,0.0098,350.0,0.0011,0.028,3,2,,,0.0045,0.028,0,0,,,,0.028,0,0,,2,0.0056,2,33.0,0.0011,0.0045,,,0,1.0,0,0,,,116
Bellerophontis2,NancyNik,0x8fda0ae3f9d91e95f60a631eae417615c6eae130,10212.0,1479.0,83,76,0.9157,70,12,1,2402.677713,2402.677713,2366.0638679999997,0.0,5,1,0.9549100803793034,0.9764069264069264,0.7474997430371417,918.0,1677.389424,1,3,74.0,865.2,0.004,150.0,0.0013,0.028,2,2,,,,0.028,0,0,,,,0.028,0,0,,4,0.0031,4,0.0,0.0013,,,0.0006345174224184039,2,1.0,1,28,96.4,90.0,4
adriadri,Adri 💜,0x318de242d19c5e131af2f8f7de2e10726f681b55,,,85,80,0.9412,76,9,0,0.0,0.0,0.0,0.0,0,0,,,,,,0,0,,,0.005,,0.0005,0.028,0,3,,,,0.028,0,0,,,,0.028,0,0,,4,0.0031999999999999997,4,1.0,0.0011,,,-0.0005863374354934279,2,1.0,1,36,92.1,126.0,0
matchayuma,oatmilk (iron man arc) 🍵🌸,0x03afd048d11dac01f7e9e3d61d8d28d1dab237c0,7942.0,1484.0,88,81,0.9205,73,14,1,688.3976089999999,688.3976089999999,652.5062439999999,0.0,4,0,0.8894665284612727,0.9211162790697675,0.6589302693060803,19847.0,248.544021,1,3,27.0,5531.75,0.009899999999,,,0.028,0,2,0.004,2000.0,,0.028,1,1,,,,0.028,0,0,0.4040404040812162,0,0.0,0,,,,,,0,,0,0,,,87
edoweb3,edo,0x2094c4b11d8f34f1d200302efda5afc82aae9c2b,5141.0,1800.0,88,84,0.9545,73,15,0,2860.1914420000003,2860.1914420000003,2734.236918,104.95452399999999,4,0,0.9878496685720173,0.9883383144412132,0.8165403450084902,2008.0,1266.152239,0,2,82.0,593.25,0.00499898,725.0,0.0005,0.028,3,1,0.009,2200.0,0.001,0.028,4,1,,,,0.028,0,0,1.8003672749240844,2,0.0015,2,16.0,0.0005,0.001,,,2,1.0,1,51,92.8,119.0,259
defidarling,sara,0x269ed16b66fe6a32b0d63c56eaf51e7377c9cab9,90029.0,1288.0,91,82,0.9011,77,13,1,922.846352,922.846352,922.8463520000001,0.0,2,0,0.97409706557128,0.97409706557128,0.8388132904274891,4405.0,903.202952,0,1,90.0,2247.5,0.009899,800.0,0.0012,0.028,2,1,,2500.0,,0.028,1,0,5.0,,,0.028,0,1,,1,0.0012,1,40.0,0.0012,,,,0,1.0,0,0,,,252
CasperOnChain,Casper (Vacay Arc),0x255f56ce08126471b384c89063062662b7c1657f,17847.0,1344.0,72,67,0.9306,61,11,0,1603.591005,1593.2763400000001,1586.3109180000001,0.0,2,2,0.9657507888369872,0.9657507888369872,0.8370600313679573,5140.0,832.397588,0,2,376.0,2758.0,0.007,300.0,0.0005,0.028,2,1,0.016,,,0.028,0,1,,,,0.028,0,0,2.2857142857142856,2,0.0010999999999999998,1,16.0,0.0006,,,,2,0.5,1,15,20.7,630.0,1016
cartist00,CARTIST,0xa7071299be9de85a7ac0c170e7f129856b7adc9f,36299.0,1494.0,95,88,0.9263,83,11,1,1328.4859000000001,1328.4859000000001,1296.3753100000001,1.273,2,4,0.958688595768667,0.958688595768667,0.7748579761456038,3155.0,1059.087244,0,3,1597.0,2376.0,0.008,348.0,0.0011,0.028,2,2,,1500.0,,0.028,1,0,,,,0.028,0,0,,1,0.0011,1,40.0,0.0011,,,,0,1.0,1,27,84.1,189.0,169
iMithrandir_,iMithrandir 🪄,0xb2c4e87b89a837c72482d1571f7a7e5435a3be8c,3994.0,1344.0,85,76,0.8941,74,9,2,1631.455964,1621.385605,1400.566147,0.0,3,5,0.898942097841758,0.9473996851703347,0.7519838332476875,2586.0,1151.645554,1,4,100.0,1485.6666666666667,0.004,,0.0008,0.028,0,2,,,,0.028,0,0,,,,0.028,0,0,,1,0.0008,1,0.0,0.0008,,,,1,1.0,3,18,8.7,815.0,380
Nxtlvl,NXTLVL👑️.eth | Polygon Labs,0x4e4498effa701520e7003b74af221116552f1b7c,9092.0,1300.0,84,76,0.9048,73,11,0,892.0533330000001,892.0533330000001,890.356433,0.0,2,1,0.9098298265958203,0.9098298265958203,0.6075459610826883,5336.0,813.687317,0,1,4068.0,4702.0,0.04,,0.0005,0.028,0,1,,,,0.028,0,0,,,,0.028,0,0,,1,0.0005,1,15.0,0.0005,,,,1,1.0,0,0,,,912
DoggfatherCrew,Doggfather,0x2cf042aeca9bb4ee8bc939b50f09f94fa78897b6,23887.0,1838.0,78,73,0.9359,63,15,0,360.54342999999994,360.54342999999994,358.68349,0.0,2,3,0.8449033128482512,0.8449033128482512,0.6806425956481104,19276.0,257.652519,0,2,3205.0,11240.5,0.002,299.0,0.0008,0.028,2,3,,,,0.028,0,0,,,,0.028,0,0,,2,0.0016,1,24.0,0.0008,,,,2,0.5,1,11,62.4,330.0,168
CryptoUsopp,Usopp,0xc81f7b9bbd22a92a1e8c6512ff18e7606c0d097d,46794.0,1658.0,77,67,0.8701,60,17,0,4081.6121870000006,4061.1876240000006,3774.7063380000004,267.589,6,7,0.9569482646827724,0.9849843484833578,0.9096808419924177,286.0,2331.259736,0,5,3.0,153.16666666666666,,2500.0,,0.028,1,0,,,,0.028,0,0,,,,0.028,0,0,,0,0.0,0,,,,,,0,,1,38,78.8,237.0,301
DWDrummer_eth,DWdrummer,0x83441cfa3bd31f33bbf16c536b52b9818c5018d0,5261.0,1259.0,79,72,0.9114,65,13,1,173.046052,173.046052,60.368042,0.0,1,5,0.8500697971427723,0.8500697971427723,0.08580160675080367,,,0,4,5048.0,5048.0,0.0035,,0.0008,0.028,0,1,,,,0.028,0,0,,,,0.028,0,0,,2,0.0019000000000000002,2,24.0,0.0011,,,,1,1.0,1,9,48.3,415.0,139
zera_chielo,Zera | ∑:,0xba5bea299050d786118ad6326e1a9c2a7cfba71e,13516.0,1965.0,82,77,0.939,64,16,2,296.586073,296.586073,295.993896,0.0,2,1,0.8202841415720672,0.8202841415720672,0.6394471970932567,25866.0,151.699976,0,1,2388.0,14127.0,0.07,498.0,0.0009,0.028,4,1,,,,0.028,0,0,,,,0.028,0,0,,5,0.006900000000000001,5,14.0,0.003,,,-0.0004761557718357155,2,1.0,1,15,64.5,318.0,225
Carlitoswa_y,Carlitosway,0x6a3867484b29744c6d01b9040a0515711828deb0,31206.0,1815.0,82,76,0.9268,71,8,3,3683.9719950000003,3683.9719950000003,3412.566457,0.0,5,1,0.9561028116720738,0.9789285714285715,0.7001441625087994,257.0,2461.256136,1,3,56.0,205.8,0.008,1500.0,0.0012,0.028,3,4,0.033,10000.0,,0.028,1,3,,,,0.028,0,0,4.125,1,0.0012,1,31.0,0.0012,,,,0,1.0,3,100,97.7,74.0,1702
mariannehere,Marianne,0xee15bf34284464a7d41c6162db0d364b3b6768cf,42517.0,1506.0,85,74,0.8706,69,16,0,10236.210471999999,10217.690975,8965.859605,21.159502,6,0,0.9917261668958535,0.9964234248706764,0.8239006608996823,158.0,3285.172675,1,2,2.0,166.5,0.0249,3000.0,0.007,0.028,1,2,0.025,4000.0,,0.028,1,1,,,,0.028,0,0,1.0040160642570282,1,0.007,1,24.0,0.007,,,,1,1.0,1,122,98.7,53.0,50
MadMaxx_eth,"MadMaxx (∎, ∆)",0x219895b55a5b88d6a32d48ba28793cd8010d6ee6,13559.0,1337.0,87,76,0.8736,71,16,0,6222.0958809999975,6211.078045999998,4793.31465,311.815132,8,8,0.9292550183977157,0.9705131213069169,0.5985532459077918,909.0,1681.637971,3,6,10.0,190.375,0.0035,490.0,0.0007,0.028,2,2,0.00999999999996,5000.0,,0.028,1,2,,,,0.028,0,0,2.857142857131428,2,0.0015,2,21.0,0.0008,,,,2,1.0,6,106,97.4,80.0,62
Deebs_DeFi,Deebs DeFi 🛰,0xca0109fe5397cc817b166f364e591e26e3178afc,53028.0,1610.0,86,78,0.907,71,13,2,5046.065181000001,5046.065181000001,5017.975815000001,0.0,8,1,0.969917219613045,0.9731085149799732,0.7074389724427301,967.0,1644.486621,0,4,11.0,176.75,0.099,4500.0,,0.028,2,2,,,,0.028,0,0,,,,0.028,0,0,,0,0.0,0,,,,,,0,,1,76,95.1,100.0,2639
TheCryptoProfes,The Crypto Professor,0x40b5da28a853cddfcf97e2e9495da8ca3431ed35,18895.0,1377.0,84,78,0.9286,74,8,2,7410.195874,7410.195874,6406.81207,257.74920000000003,11,0,0.9784166248738504,0.9953051643192489,0.7214230151977497,523.0,2003.973882,3,3,1.0,87.36363636363636,0.05,1000.0,0.0025,0.028,2,1,0.1,,0.0018,0.028,0,1,,,,0.028,0,0,2.0,3,0.0051,3,15.0,0.0025,0.0018,,0.0010938103654794316,2,1.0,0,0,,,81
0x_degenola,Ola,0xa1945b1c619b3cffedc68f5f91c420232de1e8c1,11332.0,1342.0,66,64,0.9697,56,10,0,1814.5961789999997,1798.2376429999997,1702.187987,16.661952,5,7,0.9621705272494406,0.9680696661828737,0.7683604143037837,7961.0,624.796959,0,5,8.0,1670.8,,140.0,0.0008,0.028,1,0,,,,0.028,0,0,,,,0.028,0,0,,2,0.002,2,33.0,0.0012,,,,0,1.0,1,1,0.3,1051.0,3146
VideHaldorsson,Vide Haldorsson,0xebd315be326798a4029b27bd247deefcad4733bf,4227.0,1327.0,89,79,0.8876,74,15,0,747.691793,747.691793,727.950264,7.709301,1,4,0.928236015838492,0.928236015838492,0.8804615173544329,6434.0,727.950264,0,3,6434.0,6434.0,0.00189999999999,200.0,0.001,0.028,5,5,,,,0.028,0,0,,,,0.028,0,0,,2,0.0018,2,34.0,0.001,,,,0,1.0,1,18,95.4,98.0,81
Riowgmi,Rio👾,0x61f8176cf10b6916a815443d03b98388f80e0f68,6875.0,1314.0,80,74,0.925,72,8,0,944.7986639999999,932.653984,915.0692039999999,0.0,2,3,0.7682751312983294,0.7682751312983294,0.7628019741326375,4428.0,901.256366,0,2,4428.0,9184.5,0.005,500.0,0.0008,0.028,2,1,,,,0.028,0,0,,,,0.028,0,0,,1,0.0008,1,33.0,0.0008,,,,0,1.0,0,0,,,632
jade_defi,Jade 💋,0xd23cf34e12ba29a65f716289273b808d8f53fb55,20148.0,1323.0,84,75,0.8929,75,9,0,1854.614397,1854.614397,1637.5190870000001,0.0,4,1,0.9479619409656319,0.9546792931866749,0.7962507337790223,3115.0,1065.847234,1,2,46.0,1377.5,0.005,180.0,0.005,0.028,2,1,0.018,,,0.028,0,1,,,,0.028,0,0,3.5999999999999996,2,0.0061,2,38.0,0.005,,,,0,1.0,1,143,90.3,141.0,14
Crypto3Rain,Rain,0xe6ba05ffeb162b0b1136b9d7a9ec29468fc5bd48,9553.0,1457.0,71,68,0.9577,65,6,0,2304.854964,2304.854964,2271.457782,0.0,5,4,0.9255438315593514,0.9603926161396464,0.6681116839353004,3551.0,1001.814251,1,5,73.0,889.4,,,,0.028,0,0,,,,0.028,0,0,,,,0.028,0,0,,0,0.0,0,,,,,,0,,1,18,90.3,142.0,750
elenionchain,Eleni,0x28bdc39e9bddbb6c4a922be9c2811c97fa3cf81b,9868.0,1519.0,95,88,0.9263,80,13,2,1778.700005,1754.20423,1607.179533,0.0,7,1,0.8972599697127536,0.9333333333333333,0.6989729965377188,2642.0,1141.095879,0,4,41.0,1187.857142857143,0.00989999999999,,,0.028,0,1,0.01499999999997,5000.0,,0.028,1,2,,,,0.028,0,0,1.5151515151500152,0,0.0,0,,,,,,0,,0,0,,,0
pawnie_,Pawnie,0xc26eddb0cb7f3fa587dbc064c2cde49f1c942750,12168.0,1509.0,98,85,0.8673,84,14,0,4871.806784,4860.41186,4410.664621000001,232.53162999999998,15,9,0.881673059521716,0.9339285714285714,0.5850135017438423,3343.0,1031.172716,1,7,10.0,312.4,0.0496,3000.0,0.0005,0.028,1,4,,,,0.028,0,0,,,,0.028,0,0,,2,0.0045000000000000005,2,15.0,0.004,,,,1,1.0,7,68,99.2,37.0,2163
swandogs,SWANNY 🔺,0x82f8dd4c56822a4e55a804b01f70a8da5ae0b960,23379.0,1606.0,82,79,0.9634,66,16,0,1106.5314700000001,1096.179334,1024.682921,0.0,3,2,0.9577298474861738,0.946639897384418,0.8737547953569877,4784.0,864.81159,0,2,117.0,2419.0,0.0149,,0.0007,0.028,0,2,,,,0.028,0,0,,3000.0,,0.028,1,0,,2,0.0013,2,0.0,0.0007,,,,1,1.0,0,0,,,66
0xchainBob,bobby,0xeba2d3bdbed2d062ad6774cedd4a2b53348189ff,14091.0,1378.0,82,77,0.939,67,15,0,1795.389576,1795.389576,1756.75694,26.483014,2,4,0.9775927987895703,0.9775927987895703,0.7999344528371293,2050.0,1256.910695,0,4,739.0,1394.5,0.0098999999,,,0.028,0,1,0.005,,,0.028,0,2,,,,0.028,0,0,0.5050505101520254,0,0.0,0,,,,,,0,,3,16,76.7,258.0,353
pukerrainbrow,Pukerainbow 🤮🌈,0x1897f81fed64a192db9355954179a0958e9df7dc,80176.0,1410.0,82,68,0.8293,68,13,1,10908.644021000002,10908.644021000002,10863.644021000002,0.0,10,0,0.9619446594269968,0.9926490243250468,0.7457094949947091,199.0,2782.375407,0,4,2.0,104.1,,,,0.028,0,0,0.25,15000.0,,0.028,1,1,,,,0.028,0,0,,0,0.0,0,,,,,,0,,0,0,,,13681
cabenX,Caben,0x216ea25ca9c9855aab2c5b182538c67513259c50,9584.0,1505.0,90,83,0.9222,69,21,0,4246.704763,4230.34502,4050.979013,0.0,7,3,0.9345879680715357,0.9688360939155652,0.6236187766973592,2794.0,1117.657613,1,4,13.0,494.42857142857144,0.003,499.0,0.00299999999999,0.028,3,1,,,0.0015,0.028,0,0,,,,0.028,0,0,,4,0.00629999999999,4,24.0,0.00299999999999,0.0015,,0.0009246750240593715,3,1.0,0,0,,,4613
Danny7xEth,danny7x.eth,0x9ea961921d095aa786a2d62ee94631671e911b27,7034.0,1226.0,69,62,0.8986,54,15,0,189.145222,189.145222,69.225988,0.0,2,5,0.8884842047069799,0.8884842047069799,0.5592346748814186,,,0,4,147.0,742.5,0.0022299999998,95.0,0.0008,0.028,3,4,,,0.0025,0.028,0,0,,,,0.028,0,0,,3,0.00553,3,24.0,0.00223,0.0025,,-0.0015824109878563623,1,1.0,1,18,36.1,483.0,8
nftriles,Riles,0x5f42932c20e26052df4799bb93fdfcff08346337,10164.0,1420.0,87,84,0.9655,73,14,0,1469.444904,1469.444904,1421.466445,0.0,5,4,0.8665364976765788,0.8558758314855875,0.7997535694410118,16894.0,306.207086,0,4,65.0,3756.0,0.0023,90.0,0.0008,0.028,6,1,0.00999999999997,,,0.028,0,1,,,,0.028,0,0,4.347826086943479,3,0.0022,2,24.0,0.0008,,,0.0002084490720113501,2,0.6666666666666666,1,20,76.2,260.0,397
dreweth,Drew,0x92d6c06341f66250adf8bce2d58a930a3b847253,10299.0,1274.0,92,87,0.9457,83,9,0,1898.541779,1898.541779,1744.803044,0.0,1,1,0.9909542133734872,0.9909542133734872,0.947139421084137,811.0,1744.803044,0,1,811.0,811.0,0.009,390.0,,0.028,2,3,,,,0.028,0,0,,,,0.028,0,0,,0,0.0,0,,,,,,0,,1,20,60.9,334.0,385
KierianV,Kierian,0x493d3fa24edf4f9de5f0e4c6278b011ff30a8020,17808.0,1681.0,90,86,0.9556,76,13,1,4936.438681999999,4925.318668999999,4827.808957,21.653602,4,1,0.9969895143504326,0.997289077801387,0.8483876452876181,495.0,2023.548888,0,2,18.0,150.25,0.0075999,,0.0006,0.028,0,2,0.017,4000.0,,0.028,1,2,,,,0.028,0,0,2.2368715377833923,1,0.0006,1,23.0,0.0006,,,,1,1.0,1,93,98.7,54.0,1325
morsyxbt,Morsy,0x1e90f4c27dfa87481e9b7015ca8a4e6c46bfca95,10260.0,1218.0,96,88,0.9167,78,17,1,1636.547472,1636.547472,1617.484925,0.0,2,3,0.9032811601560773,0.9032811601560773,0.41396858575218054,1118.0,1564.383914,0,2,1118.0,3605.5,0.00498,350.0,,0.028,1,3,0.022,,,0.028,0,1,,,,0.028,0,0,4.417670682730924,0,0.0,0,,,,,,0,,0,0,,,1776
walsxbt,Wals,0x82dcb7fd10c14f4f284e402810c0d9909c809af2,30025.0,1758.0,78,66,0.8462,68,9,1,10531.173258000003,10510.243000000002,10229.985372000001,0.0,10,7,0.9276585334514778,0.9827771207820877,0.6319874742174816,176.0,2985.522687,0,6,1.0,87.3,0.03,2069.0,,0.028,1,3,,,,0.028,0,0,5.0,,,0.028,0,1,,0,0.0,0,,,,,,0,,1,77,98.2,65.0,121
ripchillpill,Chill Pill 🔮 (Bald),0xe478476d9b98c9c5b55a6067f55ab9f978ae15b3,98696.0,1669.0,96,85,0.8854,82,14,0,3808.413132,3785.5953759999998,3719.467542,9.891611,6,2,0.9349756774814496,0.99060871463757,0.6086325204523235,672.0,1862.82243,0,4,52.0,211.33333333333334,0.02,4999.0,0.0038,0.028,2,2,0.9299,30000.0,,0.028,1,2,,,,0.028,0,0,46.495,2,0.0238,2,21.0,0.02,,,,1,1.0,1,21,73.4,269.0,5622
0xkekov,kekov,0x28696ad7201d67d630db3c3ae52d1228c08caf43,5044.0,1423.0,85,81,0.9529,72,13,0,3282.926963,3282.926963,3266.5427229999996,0.0,3,1,0.9711293176988303,0.9968220024354748,0.8040276641184573,7443.0,659.126986,0,2,14.0,2521.3333333333335,,1100.0,0.0005,0.028,2,0,0.0666,3000.0,,0.028,1,1,,,,0.028,0,0,,2,0.0075,2,16.0,0.007,,,,1,1.0,3,65,86.4,166.0,368
anda765,Anda ☀️,0x84922162a6ae4f7030749ac933616aa2a58af823,5924.0,1502.0,77,73,0.9481,59,18,0,3086.6296479999996,3063.2252959999996,2856.416432,145.211,4,10,0.989080686882212,0.9939327716154027,0.7909745934765484,2575.0,1153.71424,0,6,31.0,720.75,0.0098999999,200.0,0.0011,0.028,2,1,,,,0.028,0,0,,,,0.028,0,0,,1,0.0011,1,40.0,0.0011,,,,0,1.0,2,55,87.7,158.0,929
jessyfries,jessyfries,0x3d5e9077ef8f9c6b0e10d6c62c1a022a49675cc3,8291.0,1376.0,71,67,0.9437,56,14,1,529.918576,529.918576,529.918576,0.0,2,0,0.8185185185185185,0.8185185185185185,0.41921873148078537,10842.0,479.90696,0,1,8149.0,9495.5,,299.0,0.0007,0.028,1,0,,,,0.028,0,0,,,,0.028,0,0,,2,0.0014,2,23.0,0.0007,,,,1,1.0,0,0,,,343
xerocooleth,xero 🎮,0x07a12b8be0cfbf8397ad347d5ad558032dff7d49,71170.0,1586.0,65,59,0.9077,54,11,0,4961.777801999999,4936.621420999999,4872.549207,0.0,7,1,0.9125399911329913,0.9891469502930323,0.5689195953768493,221.0,2633.644668,0,3,25.0,166.42857142857142,0.007,,0.0005,0.028,0,1,,5000.0,,0.028,1,0,,,,0.028,0,0,,1,0.0005,1,16.0,0.0005,,,,1,1.0,0,0,,,5311
ryandcrypto,ryandcrypto,0x97c18d92e54bd9b4a755acb604cd51a6f11245fc,233956.0,1345.0,53,49,0.9245,38,14,1,4318.1675510000005,4318.1675510000005,4318.1675510000005,0.0,3,0,0.9587640620591543,0.9957446808510638,0.9856028455577505,178.0,2980.187747,0,2,1.0,1378.0,,500.0,,0.028,3,0,0.022,3000.0,,0.028,1,5,,,,0.028,0,0,,0,0.0,0,,,,,,0,,0,0,,,5439
Jai0xCrypto,"Jay.eth, CFA",0xc0f351cd4e690328b02b84cfdd1c16732b5d88fd,18009.0,1303.0,93,91,0.9785,81,11,1,1659.0962959999997,1659.0962959999997,1625.568581,0.0,2,4,0.9573870975392902,0.9573870975392902,0.7300008695181248,1330.0,1479.072817,0,3,1330.0,1850.0,0.0021,310.0,0.0008,0.028,3,2,,,,0.028,0,0,,,,0.028,0,0,,2,0.0016,2,0.0,0.0008,,,,2,1.0,0,0,,,68
defi_explora,m0h,0x54eaf04ceb923811ac2656b3d2cc42fd472f8a30,18419.0,1307.0,89,84,0.9438,78,10,1,256.450249,256.450249,256.370792,0.0,1,1,0.7842953544141431,0.7842953544141431,0.8349699017195376,19339.0,256.370792,0,1,19339.0,19339.0,,2000.0,,0.028,1,0,,,,0.028,0,0,,,,0.028,0,0,,0,0.0,0,,,,,,0,,0,0,,,73
bitrusxbt,bitrusxbt,0x9b4518858c06acadf60414c29f522346344b308b,2011.0,1313.0,95,84,0.8842,81,11,3,292.200983,292.200983,154.992279,0.0,2,9,0.8205190711676277,0.8205190711676277,0.5182131644786946,,,0,5,807.0,1594.5,0.0098999999,300.0,0.0006,0.028,2,2,,600.0,,0.028,1,0,,,0.007,0.028,0,0,,4,0.0092,2,21.0,0.0009,,0.007,0.0015021659990668399,3,0.5,1,2,3.3,925.0,6
dazzlercoin,bewise,0xee46741749faa5a7286ce8dae6740ddfae628dc1,21049.0,1532.0,76,72,0.9474,67,9,0,5997.257856,5997.257856,5933.869780000001,0.0,9,2,0.9706102726112277,0.9943767572633552,0.7975428720168456,471.0,2042.9834,0,5,7.0,107.77777777777777,0.02,750.0,,0.028,1,1,0.012,,,0.028,0,1,,,,0.028,0,0,0.6,0,0.0,0,,,,,,0,,1,66,98.5,62.0,40
BR4ted,₿🧞‍♂️,0x73da1af06106a7f3ac717ef0fd637177175d98b7,52404.0,2076.0,82,75,0.9146,71,11,0,6233.59416,6233.59416,6233.59416,0.0,7,0,0.9477750033960435,0.9613333333333334,0.8544005829747962,110.0,4241.449911,0,3,14.0,142.14285714285714,0.05,,,0.028,0,3,,,,0.028,0,0,,,,0.028,0,0,,0,0.0,0,,,,,,0,,1,117,99.5,29.0,1242
R2D2zen,R2D2,0x894d15d48d67dc0233b81994f5434684bbcb0f09,14063.0,1625.0,93,83,0.8925,83,9,1,4658.106921,4658.106921,4288.385652,155.607237,4,7,0.9970365742610928,0.9975134115483324,0.7690086077639873,529.0,1999.468014,1,4,7.0,156.5,0.025,5555.0,0.0175,0.028,1,5,,,,0.028,0,0,,,,0.028,0,0,,2,0.0335,2,26.0,0.0175,,,,1,1.0,2,150,99.7,22.0,258
vikktorrrre,Veee,0xa03354e97b58b218f73b03db8983c5492e17bf2b,4689.0,1468.0,90,86,0.9556,75,15,0,3027.5311789999996,3027.5311789999996,2998.3652650000004,0.0,5,6,0.9615939724710483,0.9791621445626221,0.8648700905479249,2248.0,1215.346159,0,4,96.0,588.4,0.0098999999,400.0,0.002,0.028,2,1,,,0.004,0.028,0,0,,,,0.028,0,0,,2,0.006,2,17.0,0.002,0.004,,,1,1.0,0,13,85.7,179.0,68
lechriss17,lechris,0x5ed2cbe4f9a6754801cc9421b5dcdc644b6395ba,7425.0,1524.0,87,83,0.954,75,12,0,1789.3763599999997,1789.3763599999997,1487.517286,217.127615,4,0,0.9480790745560754,0.9668901713699877,0.7416762667879937,3567.0,999.443316,1,2,61.0,1169.0,0.0099,299.0,0.0007,0.028,3,1,,,,0.028,0,0,,,,0.028,0,0,,1,0.0007,1,31.0,0.0007,,,,0,1.0,1,31,82.6,206.0,1847
mhknft,mhk 發,0xf9716d1e4c6b94dc8af51f72dd71665dc8a7a60f,92085.0,1384.0,90,80,0.8889,72,16,2,677.391769,677.391769,672.085563,0.0,2,2,0.9106382896890186,0.9106382896890186,0.5908185950527507,11470.0,452.449542,0,2,1710.0,6590.0,0.0048999999,270.0,,0.028,2,1,0.007,700.0,0.0018,0.028,1,1,,,,0.028,0,0,1.428571457725948,3,0.00879999999999,3,35.0,,0.0035,,-0.0014603282525150335,0,1.0,0,0,,,98
treeonchain,tree,0x0c366cdeb15384a95f03866eebb9f2882f1e4288,33710.0,1727.0,80,78,0.975,67,13,0,941.944259,921.7426529999999,864.019715,0.0,3,6,0.8181823771187829,0.8352787430574119,0.8683709088118431,5524.0,796.808678,0,4,217.0,3762.3333333333335,0.1,400.0,0.0006,0.028,1,1,0.04999999999999,,0.001,0.028,0,1,,,,0.028,0,0,0.49999999999989997,2,0.0015999999999999999,2,19.0,0.0006,0.001,,,2,1.0,0,0,,,1040
MalayAhmad,Ahmad Malay 💎🔊,0xc577c9a5ae25c4e6f8368ce1bbffc27d6d1ea797,2558.0,1230.0,88,81,0.9205,69,19,0,1931.9175129999999,1921.6059229999998,1661.935232,161.378161,3,12,0.8756155326645917,0.8576158940397351,0.7681015091243281,,,0,6,43.0,252.33333333333334,0.0021,500.0,,0.028,2,1,0.1,2000.0,,0.028,1,1,,,,0.028,0,0,47.61904761904763,0,0.0,0,,,,,,0,,0,0,,,60
Defi_Scribbler,Scribbler,0x1bc85c3812a35152f541fd54cae4195e7c3f54ab,22853.0,1454.0,84,80,0.9524,72,10,2,3182.5408099999995,3154.6955349999994,2930.979836,82.034414,7,6,0.9453956352735409,0.9813867866639394,0.5835451215151206,4110.0,934.346514,1,5,17.0,743.0,0.035,500.0,,0.028,1,2,,,,0.028,0,0,,,,0.028,0,0,,0,0.0,0,,,,,,0,,1,52,98.0,70.0,1150
man_versus_coin,Man Versus Coin,0xcad9c656ef6e1b5e1bd0590ca3f1b857920a4640,3109.0,1399.0,95,83,0.8737,82,13,0,5551.622647,5551.622647,3778.5781660000002,0.0,8,9,0.916152337858747,0.9624118102075271,0.5504556701672538,2296.0,1206.782114,4,6,7.0,442.375,0.0149,700.0,0.004,0.028,2,2,,,,0.028,0,0,,,,0.028,0,0,,1,0.004,1,24.0,0.004,,,,1,1.0,4,97,100.0,17.0,1256
jyp_nft,JYP,0x3e4c5a89d1c4782d8eb12f8f541ba76b34a48182,20638.0,1572.0,79,73,0.9241,64,15,0,999.570425,999.570425,998.155753,0.0,2,1,0.8948616140501124,0.8948616140501124,0.4896286770534936,4047.0,942.137167,0,1,4047.0,4803.5,0.0049,350.0,0.0008,0.028,2,3,,,,0.028,0,0,,,,0.028,0,0,,2,0.0015,1,0.0,0.0008,,,,2,0.5,0,0,,,38
mountalba,mountalba,0x1ed8f1a79ea699fe874686fc10504356fb221d71,5344.0,1249.0,97,85,0.8763,81,16,0,302.87229,292.854143,258.770714,0.0077,2,8,0.8109877348054729,0.8109877348054729,0.7774171349499932,24247.0,171.085145,0,5,3622.0,13934.5,,198.0,0.00115,0.028,2,0,,,,0.028,0,0,,,,0.028,0,0,,2,0.0017499999999999998,1,0.0,0.00115,,,,2,0.5,1,9,28.6,542.0,85
Kaiz_294,Kaiz,0xf7307f4f844684c9a510391518de111789d9fd76,9670.0,1360.0,70,65,0.9286,58,9,3,2094.025076,2094.025076,1925.7995700000001,0.0,6,2,0.9549967934778208,0.9635730410245279,0.7349975598635622,3650.0,988.936421,1,4,41.0,774.3333333333334,0.009899998,400.0,,0.028,2,3,,,,0.028,0,0,,,,0.028,0,0,,0,0.0,0,,,,,,0,,0,0,,,18
Elminselimov5,el1000.mega | ∑:,0x9347ea27d20da04fa3af9444ebd086c73ff6553b,8935.0,1746.0,65,60,0.9231,58,7,0,823.845292,823.845292,733.2129649999999,0.0,2,4,0.8803683169476181,0.8803683169476181,0.4565747630612189,7197.0,675.866945,0,2,5353.0,6275.0,0.0098,100.0,0.0008,0.028,4,2,0.00799999999999,,0.0017,0.028,0,1,,,,0.028,0,0,0.8163265306112245,7,0.0064,5,0.0,0.0011,0.0017,,-0.0001513481956833117,5,0.7142857142857143,1,14,42.5,449.0,46
yvohvn,yv,0xa74048c1b70a3a6de807e543b2994c3d9c5910db,849.0,1217.0,85,75,0.8824,69,16,0,202.030832,202.030832,165.03694900000002,0.0,1,2,0.9352817131485937,0.9352817131485937,0.9011863458527704,,,0,2,2179.0,2179.0,0.003598999998,350.0,0.0005,0.028,2,3,0.0049989899999,400.0,0.0011,0.028,2,2,,,,0.028,0,0,1.3889941657899383,8,0.0051,3,14.0,0.0008,0.0011,,-0.0002659982440964392,7,0.375,0,0,,,186
Love2Ideate,Ｒ��ｃｋ 🪨💡,0x28cc15ff96a35886c2aaa008f8b524115d2cf9ae,8273.0,1290.0,87,79,0.908,78,9,0,71.35487700000002,71.35487700000002,68.39523799999999,0.0,1,2,0.8672072232617541,0.8672072232617541,0.04272081047513863,,,0,1,4471.0,4471.0,,,0.0011,0.028,0,0,0.005,,,0.028,0,1,,,,0.028,0,0,,1,0.0011,1,40.0,0.0011,,,,0,1.0,2,110,97.7,75.0,93
Febers4,Tat Thang,0x7affb749963497675ab596ffd4fc7383baee90d0,8406.0,1725.0,92,84,0.913,82,9,1,4857.190696,4857.190696,3798.015029,34.8602,7,4,0.9571292813967691,0.9887136535091627,0.7119740628738204,888.0,1694.834204,2,5,3.0,299.42857142857144,,100.0,,0.028,3,0,,2500.0,,0.028,1,0,,,,0.028,0,0,,0,0.0,0,,,,,,0,,1,26,82.9,204.0,8821
holly_web3,Holly,0xbd04be7d00d3899eee07a7f93ef2c380d010cfde,51890.0,1369.0,91,82,0.9011,80,10,1,3065.0174519999996,3065.0174519999996,3022.936529,9.8676,3,6,0.8445685846522327,0.9920104547209599,0.8474326337731801,418.0,2100.701971,0,3,137.0,274.6666666666667,0.01,,0.0011,0.028,0,2,,850.0,,0.028,1,0,,,,0.028,0,0,,1,0.0011,1,39.0,0.0011,,,,0,1.0,0,0,,,3393
MedusaOnchain,Medusa,0x1a223f1b510100fa8cee4538469e394e60a0b7b1,11296.0,1498.0,87,76,0.8736,72,14,1,2028.1267910000001,2028.1267910000001,2023.41723,0.0,3,2,0.9863416261555488,0.9877753611064637,0.826864753084568,1096.0,1575.084161,0,2,84.0,688.0,0.1,,,0.028,0,3,1.0,50000.0,,0.028,1,1,,20000.0,,0.028,1,0,10.0,0,0.0,0,,,,,,0,,1,78,98.7,55.0,153
Sonika_KK,Sofia,0x915d2b0e048b154c50111f2fef2f94eb0b56ef54,2675.0,1215.0,95,88,0.9263,74,20,1,122.32542600000001,122.32542600000001,103.144025,0.0,1,7,0.9064718286851406,0.9064718286851406,0.838590407927168,,,0,3,3149.0,3149.0,0.003,750.0,0.0005,0.028,1,2,,,,0.028,0,0,0.077,,,0.028,0,1,,4,0.0033,3,16.0,0.0011,,,-0.000515501578968595,1,0.75,1,11,66.0,308.0,260
AtnsXBT,AtnsMDX,0x56e0072b934ff08ed36cb42b8148905504efb9fb,12376.0,1471.0,79,71,0.8987,63,15,1,2891.137815,2891.137815,2872.8243780000003,0.0,3,2,0.987946592029357,0.9924028652051227,0.8310332112587141,1975.0,1274.431075,0,2,35.0,743.3333333333334,0.004,,0.005,0.028,0,2,,2000.0,,0.028,1,0,1.0,,,0.028,0,1,,1,0.005,1,33.0,0.005,,,,0,1.0,0,8,80.8,223.0,1334
Oxydo11,Maragkos Petros (MDX),0x4482609e05ad22497cecd7eb5074c2ca3e546cee,7435.0,1262.0,90,84,0.9333,74,15,1,687.393836,687.393836,685.316925,0.0,2,2,0.9084226230349588,0.9084226230349588,0.6624713807081858,9058.0,565.271718,0,2,2765.0,5911.5,0.009899999999,80.0,0.00118,0.028,6,1,0.0109,400.0,,0.028,3,1,,,,0.028,0,0,1.101010101121314,7,0.00558,4,0.0,0.00118,,,7.325398150952258e-05,4,0.5714285714285714,1,11,85.4,181.0,70
XammieCrypt,XAMMIE💎,0x545ee54d2eede6d4230e02978d3fde1f310d77c2,11711.0,1432.0,99,91,0.9192,83,15,1,2937.3619270000004,2926.860755,2577.29805,0.0,3,4,0.9701432255501591,0.9928571428571429,0.6128894610762877,464.0,2050.197579,1,3,20.0,1028.3333333333333,0.0035,400.0,0.0007,0.028,1,1,0.029,1500.0,,0.028,1,1,,,,0.028,0,0,8.285714285714286,4,0.0026000000000000003,4,0.0,0.0007,,,-9.981958184795156e-05,2,1.0,0,0,,,281
Dashke,Dashke,0xbd6602f9f5bbc850200b1460a57aa5d8ade18224,9664.0,1659.0,91,84,0.9231,82,8,1,3559.458752000001,3549.0020910000007,2955.335814,183.418036,9,5,0.948499311577768,0.9744897959183674,0.48560610719276365,3372.0,1027.416068,2,7,6.0,427.3333333333333,0.0017,300.0,0.0005,0.028,2,3,0.15,,,0.028,0,1,,25000.0,,0.028,1,0,88.23529411764706,2,0.0016,2,18.0,0.0011,,,,1,1.0,1,53,99.2,39.0,11
WYdaGOAT,Kenny Wy,0x462ad3a94c0b3cd8e93625a322aed890b5cdb402,20909.0,1505.0,90,84,0.9333,78,10,2,2312.919276,2312.919276,2177.631679,47.771709,3,3,0.9147629681542631,0.9801015001951927,0.717286536763677,1784.0,1327.677791,0,3,340.0,918.6666666666666,0.00899999999997,200.0,0.0006,0.028,5,4,0.0138,2000.0,,0.028,2,3,,,,0.028,0,0,1.5333333333384442,4,0.0035900000000000003,4,23.0,0.00119,,,-0.0003107697325070184,1,1.0,1,39,97.7,79.0,129
lizmoneyweb,Lizzie,0x473f2d4c0e3d598a444d67cd400434b7dac34e5c,11048.0,1319.0,86,78,0.907,74,12,0,14303.267633999998,14280.055781999998,12178.157331,559.409946,13,9,0.9888525419153525,0.9966887417218543,0.8220217811806039,282.0,2355.076502,2,7,1.0,32.53846153846154,0.05,3000.0,0.014,0.028,2,2,,,,0.028,0,0,,,,0.028,0,0,,1,0.014,1,39.0,0.014,,,,0,1.0,2,420,100.3,8.0,637
coinempress,vana,0xc37b45a79707cfe3c62c149c2bde33c0151aeeba,5896.0,1490.0,78,74,0.9487,71,7,0,1395.736976,1395.736976,1395.736976,0.0,2,0,0.9589457757504235,0.9589457757504235,0.7833163882069865,2334.0,1198.596777,0,1,1888.0,2111.0,,150.0,0.001,0.028,2,0,,,,0.028,0,0,,,,0.028,0,0,,3,0.00449999999992,2,0.0,0.00279999999992,,,-0.0013126131489696298,2,0.6666666666666666,0,0,,,16
Naeven_,Naeven,0x0e1916b9c83c7b29cd8843547d1d911efdd7ba3e,3194.0,1479.0,77,69,0.8961,67,10,0,1072.183043,1072.183043,1027.515438,0.0,2,5,0.9439403622784744,0.9439403622784744,0.8117212146453661,6846.0,700.013627,0,4,1204.0,4025.0,,85.0,,0.028,2,0,,750.0,,0.028,1,0,,,,0.028,0,0,,0,0.0,0,,,,,,0,,1,13,20.5,632.0,21
Xeer,Xeer,0x8f2df56bcecb03e9118a8c78b454e7ecf1592872,62037.0,1761.0,96,80,0.8333,75,18,3,9353.185079000003,9249.175916000002,9225.746248000001,0.0,4,1,0.9465272415015799,0.9956715986129976,0.8059755457956053,21.0,7619.101558,0,3,4.0,173.75,,,,0.028,0,0,,8000.0,,0.028,1,0,,,,0.028,0,0,,0,0.0,0,,,,,,0,,0,42,97.7,78.0,1325
triples_eth,TripleS,0xe4e3e29fc2efc2a8bd87cee6fbc7556106581f9f,4545.0,1473.0,86,79,0.9186,74,11,1,1434.9458,1434.9458,1432.9246,0.0,3,1,0.847145827254928,0.8797410080489471,0.8642938123446062,1831.0,1315.946035,0,2,96.0,1992.0,0.007399,150.0,0.001,0.028,5,2,,,0.001639999,0.028,0,0,,,,0.028,0,0,,3,0.003839999,3,0.0,0.001,0.001639999,,0.0006264777132585849,2,1.0,3,20,49.1,411.0,32
0xAmne,Amne,0x12bdfca7d90c76452661f3fa0ecaa2ee3db25fb1,18571.0,1356.0,73,66,0.9041,60,10,3,344.280834,344.280834,344.280834,0.0,1,0,0.8347219898499805,0.8347219898499805,0.9374315039564474,14818.0,344.280834,0,1,14818.0,14818.0,0.001399,,0.0006,0.028,0,2,0.00999999999997,,,0.028,0,1,,,0.004,0.028,0,0,7.147962830571837,3,0.0051,3,9.0,0.0006,,0.004,0.0037302539417103466,2,1.0,0,0,,,413
enftsar,ensar ✳️,0xa00027c902a0ed2722563217789b4b9ca7a73e80,6513.0,1456.0,101,95,0.9406,89,12,0,1574.3260890000001,1574.3260890000001,1474.817008,0.0,4,4,0.8588666094396863,0.8817178449931085,0.47441656504832214,6256.0,740.653153,0,4,57.0,4351.75,0.003999,130.0,0.0007,0.028,6,3,0.00499898,,,0.028,0,1,,,,0.028,0,0,1.2500575143785946,9,0.0057,4,0.0,0.0008,,,-0.00013895172400154324,8,0.4444444444444444,1,1,0.3,1088.0,709
Jonasoeth,Jonaso,0xead16badb82625a9c3f526072009326c0db8ffa7,5048.0,1220.0,71,60,0.8451,61,10,0,2472.185006,2472.185006,2470.206622,0.0,1,1,0.9971446098934805,0.9971446098934805,0.9361022431912175,256.0,2470.206622,0,2,256.0,256.0,0.00299999999998,150.0,0.0005,0.028,2,4,0.0079,,,0.028,0,1,,,,0.028,0,0,2.633333333350889,5,0.0034000000000000002,4,2.0,0.0011,,,-0.0006614713022581411,4,0.8,0,0,,,1159
xFactorPOL,xFactor,0xbf9fbac56b88df1f81c11aadeb9154c44f27af20,6749.0,1491.0,76,72,0.9474,64,12,0,432.556259,422.407691,399.40707499999996,0.0,3,3,0.7778932417259125,0.8309742903351738,0.557354906439096,15154.0,336.545975,0,3,950.0,7141.333333333333,0.00378999999999,400.0,0.0005,0.028,1,3,,,,0.028,0,0,,,,0.028,0,0,,2,0.0015,2,14.0,0.001,,,,1,1.0,0,0,,,1114
aibra,Aibra,0xfc961534a0a55b925db2c5ee546c8a019c0d78d5,7688.0,1685.0,68,65,0.9559,57,10,1,2755.8123509999996,2745.1522299999997,2311.7352769999998,0.0,4,1,0.9462246728565138,0.9461399651043285,0.7208214979369953,1546.0,1405.550663,1,2,17.0,1348.0,0.0025,100.0,0.0008,0.028,2,3,0.025,2000.0,,0.028,1,1,,,,0.028,0,0,10.0,2,0.0016,2,0.0,0.0008,,,,2,1.0,1,19,62.1,332.0,645
0xrif0,RiF0,0x01deba3a0a7cdcb7d735032c0c60ac3bfe858f15,1796.0,1399.0,94,83,0.883,83,9,2,12.903563,12.903563,0.0,0.0,0,5,,,,,,0,2,,,0.0099,448.0,0.0005,0.028,3,1,0.03,,,0.028,0,1,,,,0.028,0,0,3.03030303030303,2,0.0013,2,16.0,0.0008,,,,2,1.0,0,0,,,1140
0xxNathan,Nathan,0xc8ea0adccd95d696a8ae33053f92e9be60ba0473,24547.0,1535.0,92,85,0.9239,75,14,3,3308.6411200000002,3295.817879,2610.093831,663.498951,3,2,0.9698387836657294,0.9809320146128486,0.7500189377251026,521.0,2005.347849,0,2,140.0,434.3333333333333,0.00499999999999,300.0,0.0005,0.028,4,3,0.018,2999.0,0.0022,0.028,2,1,2.22,,,0.028,0,1,3.6000000000071997,3,0.0033,3,1.0,0.0006,0.0022,,-0.00014598801587914075,3,1.0,2,48,92.6,122.0,1263
AnIdiot,AnIdiot,0x18a67086ef38708a203fa1fa9f458e32d03690a4,10103.0,1236.0,97,84,0.866,82,15,0,2003.000395,2003.000395,1552.480492,0.0,5,2,0.8372408415356045,0.896969696969697,0.605979265504021,2633.0,1141.948656,2,3,26.0,3333.6,0.0194,499.0,0.001,0.028,2,2,0.09,,0.0005,0.028,0,1,,,,0.028,0,0,4.639175257731958,2,0.0015,2,3.0,0.001,0.0005,,,2,1.0,6,65,97.7,77.0,13
0xmani,MANI,0x90e21986e199b433b56b5e9e386dda39f8ddf912,10891.0,1643.0,95,90,0.9474,76,18,1,2845.7038359999997,2834.928376,2834.928376,0.0,3,0,0.9940833646902313,0.9949026825051587,0.9112802652686222,457.0,2060.122014,0,1,35.0,294.3333333333333,0.00398,130.0,0.0009,0.028,3,5,0.1,3000.0,,0.028,1,1,,,,0.028,0,0,25.12562814070352,2,0.0019,2,36.0,0.001,,,,0,1.0,1,30,85.9,174.0,0
Drewfromweb3,Drew,0xa3ba014ce323233222f436bda7d5e449cd9fc499,6379.0,1377.0,86,81,0.9419,69,17,0,514.805426,514.805426,449.282506,0.0,1,6,0.8709497518264459,0.8709497518264459,0.8996726505082305,11570.0,449.282506,0,4,11570.0,11570.0,,450.0,0.0014,0.028,2,0,0.00699999999997,,,0.028,0,2,,,,0.028,0,0,,1,0.0014,1,31.0,0.0014,,,,0,1.0,0,0,,,0
AlphaWolfPRMR,AlphaWolf,0xf8ba17717f165a487726a0a214e34797499834d2,6141.0,1397.0,87,80,0.9195,78,9,0,2363.422434,2353.325455,2008.202592,0.0,4,4,0.9338779441368457,0.9737492657571349,0.7529084875453036,2867.0,1105.475106,1,3,28.0,911.75,0.0021,350.0,0.0005,0.028,2,2,,4500.0,,0.028,1,0,,,,0.028,0,0,,2,0.0010999999999999998,2,1.0,0.0006,,,,1,1.0,0,0,,,62
sirceen,ceen,0xcf9b812e86374c38844506f3264bc11b2f0a2f98,12590.0,1235.0,78,75,0.9615,67,10,1,277.27002500000003,266.770866,266.77086599999996,0.0,2,0,0.7761640139906252,0.7761640139906252,0.4132315210148066,21624.0,216.064479,0,1,6952.0,14288.0,,250.0,0.0011,0.028,3,0,,,,0.028,0,0,,,,0.028,0,0,,3,0.0067,2,0.0,0.005,,,-0.0035481963693280096,2,0.6666666666666666,2,17,81.8,212.0,14
0xTJustin,JuStin (Creator arc),0x844ce97427cfef0bcb17911ca221ed4b4f0af166,5506.0,1383.0,79,70,0.8861,64,15,0,5588.554934,5588.554934,5150.394366,75.976102,12,12,0.9537328115979609,0.9822413614935684,0.6557425191960733,1734.0,1341.056467,0,7,4.0,202.0,0.00209999999997,350.0,0.0011,0.028,4,3,0.0555,2000.0,0.0005,0.028,1,1,,,,0.028,0,0,26.42857142894898,3,0.0027,3,3.0,0.0011,0.0011,,-0.0006036181811237588,1,1.0,0,0,,,81
Shivfreespirit,Shiv ✍,0x126902db5abf36f809ffe14b6f1b8065b53a4f42,13002.0,1371.0,87,83,0.954,73,14,0,4020.7652240000007,4010.1764290000006,3764.5446100000004,5.128158,4,8,0.9534972480595106,0.9626761713552746,0.6707730347629138,929.0,1667.271185,1,4,36.0,312.5,0.00478999999999,200.0,0.0007,0.028,2,4,,,,0.028,0,0,,,,0.028,0,0,,2,0.0017000000000000001,2,37.0,0.001,,,,0,1.0,1,33,93.9,114.0,485
Meta_ZET,ZET 💪❤️,0xadb040f4f27ea941bccac56b763f577da2ed0311,6842.0,1298.0,83,73,0.8795,72,10,1,1662.0667640000001,1662.0667640000001,1258.921837,18.665,5,11,0.8866766583981439,0.9095013216905758,0.5213858121318266,5845.0,770.486609,1,7,21.0,1817.0,0.025,1500.0,,0.028,1,2,0.1,10000.0,0.0018,0.028,1,1,,,,0.028,0,0,4.0,1,0.0018,1,16.0,,0.0018,,,1,1.0,4,125,99.7,23.0,2055
0xTama_,Tama,0xef6d7235d14fbf93f454050f2951caa0f7bcf4b7,5336.0,1278.0,84,80,0.9524,67,16,1,181.144292,181.144292,78.966632,0.0,1,6,0.8817606700525706,0.8817606700525706,0.3217424291313323,,,0,4,3981.0,3981.0,0.003,170.0,,0.028,1,1,,,,0.028,0,0,,,,0.028,0,0,,0,0.0,0,,,,,,0,,0,0,,,62
doc_noonoo,doc_noonoo,0x9b9cc63626692b73b65b315cb586a7b543d3391f,5080.0,1400.0,68,61,0.8971,57,11,0,207.255983,207.255983,201.265405,0.0,1,3,0.7497852880486309,0.7497852880486309,0.9517086257322763,22433.0,201.265405,0,1,22433.0,22433.0,0.00898999999999,400.0,0.001,0.028,1,2,0.004998,,,0.028,0,1,,,,0.028,0,0,0.555951056730318,2,0.0021000000000000003,2,38.0,0.0011,,,,0,1.0,0,0,,,294
kaitoxbt,Kaito,0x031a9d3b2c47a3e3a06b335ba32a785a3e1fef29,12059.0,1365.0,89,81,0.9101,71,18,0,2201.608896,2191.236198,2137.0600879999997,0.0,3,10,0.9744931658412538,0.9787280225743434,0.7599416301544263,1228.0,1521.189151,0,5,98.0,908.3333333333334,0.00579989999999,,0.0006,0.028,0,4,,,0.0018,0.028,0,0,,,,0.028,0,0,,3,0.0034999999999999996,3,23.0,0.0011,0.0018,,0.0003663759194561605,2,1.0,0,0,,,256
BawsaXBT,BAWSA,0xdf87aba79280758298e7862c01d8855162541a76,32829.0,1286.0,96,90,0.9375,80,16,0,4985.069187,4929.004436,4466.012208,0.0,7,1,0.9534918047251838,0.9878787878787879,0.7239313446812146,305.0,2275.843347,2,3,4.0,324.2857142857143,0.007,500.0,,0.028,1,3,,,,0.028,0,0,,,,0.028,0,0,,0,0.0,0,,,,,,0,,1,14,40.7,456.0,6131
heycape_,Cape 👊,0x9d3f56186ce4ba86214ae9127e07491f2449d698,52959.0,1601.0,83,79,0.9518,70,13,0,4128.702056,4128.702056,3978.3303499999997,0.0,3,3,0.9906673702306646,0.995658780117213,0.7933296126363585,225.0,2623.224437,0,3,20.0,319.0,0.005,498.0,,0.028,1,4,0.015,1500.0,0.0011,0.028,1,1,,,,0.028,0,0,3.0,1,0.0011,1,3.0,,0.0011,,,1,1.0,1,39,94.4,107.0,46
greenytrades,Greeny,0x2e019cdbabf43b699d68b7c080b1cb9de69820ba,43093.0,1483.0,94,72,0.766,76,15,3,16479.428255999996,16454.923690999996,14695.826282,0.0,10,2,0.9750245760297958,0.998222016079159,0.8200683563039626,127.0,3776.444449,2,5,2.0,66.0,0.0248,2500.0,0.0014,0.028,1,3,,2000.0,,0.028,1,0,,,,0.028,0,0,,1,0.0014,1,39.0,0.0014,,,,0,1.0,0,0,,,6200
whemohere,whemo,0x381644fd304d93056613215f4699d12ba3926ba6,1204.0,1341.0,93,81,0.871,77,16,0,2504.1709130000004,2494.0333350000005,2078.786083,0.0,5,8,0.9861550706884694,0.9948617422554873,0.5849378600088965,,,2,6,19.0,92.0,0.0016,200.0,0.0006,0.028,3,6,0.09,,0.0011,0.028,0,1,,,,0.028,0,0,56.24999999999999,2,0.0017000000000000001,2,15.0,0.0006,0.0011,,,2,1.0,0,3,55.0,372.0,213
apurvajain24,Apurva Jain,0xd96ceb1036828e29d00fde0b239cf6c72c1afffc,8677.0,1442.0,83,73,0.8795,63,20,0,205.035613,205.035613,205.035613,0.0,2,0,0.7623386882581612,0.7623386882581612,0.4173666465031145,25738.0,152.844016,0,1,6338.0,16038.0,0.002098,95.0,0.0006,0.028,5,4,0.00489999999997,,,0.028,0,3,,,,0.028,0,0,2.335557673960915,4,0.003,4,20.0,0.001,,,-0.000363579406542214,3,1.0,0,0,,,112
WithEsibe,Esibe,0x697edefe82eee238e686961fd30c44148adf3259,5859.0,1288.0,105,92,0.8762,86,16,3,2612.2762049999997,2612.2762049999997,2360.5287289999997,0.0,5,11,0.9639349013496143,0.9871428571428571,0.7219001440863775,13116.0,395.765358,1,6,12.0,2668.2,0.0055,1398.0,,0.028,2,3,,,,0.028,0,0,,,,0.028,0,0,,0,0.0,0,,,,,,0,,1,15,92.3,124.0,32
Tuteth_,tut™,0x75775181080b3684cc3be770ba070d1ecc1ec50d,25098.0,1645.0,91,84,0.9231,80,11,0,10126.569162,10126.569162,9279.367745,12.449898,8,4,0.9609873063089489,0.9966991341991343,0.855360585796868,254.0,2474.71491,2,4,4.0,50.75,0.033,4670.0,,0.028,3,3,,,,0.028,0,0,,,,0.028,0,0,,0,0.0,0,,,,,,0,,1,60,98.2,66.0,5702
FFVV1211,FFV,0x57f1d3ae3f15e79dd826024ec52b4d858e907e22,70731.0,1790.0,86,80,0.9302,80,6,0,7487.653845,7461.451865999999,7405.875726,0.0,5,4,0.984639341807814,0.9905551100418782,0.8819187952121486,59.0,5832.770132,0,5,16.0,114.0,0.00688,680.0,0.00688,0.028,2,5,,,,0.028,0,0,,,,0.028,0,0,,4,0.00978,4,24.0,0.00688,,,0.006437632257395286,1,1.0,0,0,,,8828
waleswoosh,wale.moca 🐳,0xa6a279ae513d06acd243eba5406e3cebed342fb8,172546.0,1793.0,79,61,0.7722,67,12,0,15527.786741999998,15498.440375999999,15051.639706,422.80067,12,0,0.9580862632270112,0.9825903338663492,0.7717311086841065,15.0,8216.797471,0,6,3.0,110.16666666666667,0.09,7499.0,,0.028,3,4,3.0,,,0.028,0,1,,,,0.028,0,0,33.333333333333336,0,0.0,0,,,,,,0,,3,171,99.5,27.0,19958
Aurelius_1988,Aurelius 🐐,0xa66bd570795cfb791916ee6cb7a8e4d7ad391873,6316.0,1219.0,94,81,0.8617,73,20,1,6277.349549999999,6277.349549999999,5091.205055,20.2487,6,12,0.9325149104741789,0.976499270856094,0.8816653793487251,2226.0,1219.348767,1,6,7.0,438.5,0.0044,550.0,0.0011,0.028,1,2,0.075,5500.0,,0.028,1,1,,,,0.028,0,0,17.045454545454543,3,0.0029000000000000002,2,0.0,0.0011,,,0.00024083551569658386,3,0.6666666666666666,0,0,,,89
beijingdou,Josh Ong,0xaf469c4a0914938e6149cf621c54fb4b1ec0c202,139776.0,1495.0,93,71,0.7634,78,14,1,19709.358890000003,19691.714547000003,14993.250223000001,271.855477,30,0,0.9405921479919755,0.9949222550857997,0.6590012811048435,253.0,2476.502586,10,7,2.0,47.333333333333336,,,0.001,0.028,0,0,,,,0.028,0,0,5.0,,,0.028,0,1,,1,0.001,1,11.0,0.001,,,,1,1.0,4,96,96.7,87.0,11747
Deviled_meggs_,Deviled Meggs,0xedaf40cc267f211dcd584f858c8667e7f194f413,40410.0,1224.0,76,74,0.9737,70,5,1,1613.8966289999998,1591.688991,1542.22042,0.0,2,5,0.9711445171582596,0.9711445171582596,0.7883526130516012,2679.0,1134.108774,0,3,937.0,1808.0,0.0021,800.0,0.002099999997,0.028,1,1,,,,0.028,0,0,,,,0.028,0,0,,1,0.002099999997,1,0.0,0.002099999997,,,,1,1.0,0,0,,,1391
DaSpookyMan,Spooky,0x2e2ca82bec9aae7cd637f411d7623df5526f475c,7206.0,1268.0,85,79,0.9294,74,10,1,886.4869699999999,886.4869699999999,870.3265700000001,0.0,2,1,0.9205403600135129,0.9205403600135129,0.5206939213124042,5844.0,770.496642,0,2,3156.0,4500.0,0.002,399.0,0.0008,0.028,2,2,,,,0.028,0,0,,,,0.028,0,0,,2,0.0016,1,24.0,0.0008,,,,2,0.5,0,0,,,56
wilson_,WILSON,0x73b2e83fa1ee3057053350e830ecc3b535672b62,158394.0,1333.0,92,89,0.9674,75,16,1,3223.8902199999993,3223.8902199999993,3125.4547979999998,0.0,4,8,0.9727672994303822,0.9793896137349312,0.5920060827122757,2781.0,1118.93118,1,4,47.0,744.25,0.002797,,0.0006,0.028,0,3,0.01,,0.0011,0.028,0,2,,,,0.028,0,0,3.5752592062924564,4,0.0031,4,19.0,0.0008,0.0011,,0.0001547411511251573,4,1.0,1,13,18.4,656.0,2317
_Craig_,Craig,0x676097d4a5830079ae978a323ce7303a155979a4,22205.0,1462.0,89,83,0.9326,75,13,1,1552.082358,1552.082358,1183.932609,0.0,5,0,0.9348448564889082,0.9425584365440018,0.6494313150823585,10858.0,479.282852,2,2,10.0,2577.8,0.003,,0.0005,0.028,0,2,,,,0.028,0,0,,,,0.028,0,0,,2,0.0010999999999999998,1,19.0,0.0006,,,,2,0.5,1,44,98.7,58.0,1662
huseyin1tekin,Sennin,0x67fecd1bd5b84698d93b3f603e530616a1645e4e,44231.0,1618.0,93,88,0.9462,84,8,1,3088.2768980000005,3088.2768980000005,3076.888471,0.0,3,3,0.9920012381790193,0.9984852534972823,0.8412217701702515,1957.0,1278.704912,0,3,22.0,676.6666666666666,0.04998,1500.0,0.009,0.028,1,3,,,,0.028,0,0,,,,0.028,0,0,,1,0.009,1,35.0,0.009,,,,0,1.0,5,234,100.5,6.0,5221
krpisoweb3,krp,0xf1342fbd31b3d35f5a56582f00bbaa91f08bd091,4597.0,1510.0,76,73,0.9605,61,13,2,365.330696,365.330696,363.61533899999995,0.0,2,3,0.748616653322624,0.748616653322624,0.5142494130873763,15108.0,337.519213,0,3,11254.0,13181.0,0.0035,300.0,0.0005,0.028,4,2,0.003,400.0,,0.028,1,1,,,,0.028,0,0,0.8571428571428571,3,0.0019,3,1.0,0.0009,,,-0.00041978391834366686,2,1.0,1,9,19.4,648.0,126
molusol,molu,0x8283b39dceeb248da46e0b392b56cfd5c9ab8303,13644.0,1305.0,74,65,0.8784,62,12,0,2339.4488069999998,2339.4488069999998,2313.773413,0.0,2,1,0.94476852626426,0.94476852626426,0.6718873574680346,328.0,2225.250122,0,2,328.0,1962.0,0.00489899999999,139.0,0.00119,0.028,2,1,0.09,600.0,,0.028,1,1,,,,0.028,0,0,18.37109614210731,2,0.00169,2,0.0,0.00119,,,,2,1.0,0,0,,,1069
CryptoVonDoom,VonDoom ☕️,0x591f8a2decc1c86cce0c7bea22fa921c2c72fb95,195157.0,1327.0,76,71,0.9342,65,6,5,9619.781274999998,9597.036074999998,7570.028284,144.444504,15,5,0.9574562146676823,0.9955156950672646,0.767392979429687,227.0,2607.273115,3,6,1.0,59.0,0.02999,,,0.028,0,1,,,,0.028,0,0,5.0,,,0.028,0,1,,0,0.0,0,,,,,,0,,0,0,,,4049
ilodiwow,ilodi wow,0xb7554aa650f096019168db2643f2fe815c7b1d10,91992.0,1415.0,88,80,0.9091,75,12,1,2901.500194,2901.500194,2880.500194,0.0,4,0,0.9771964281379015,0.9895612619767858,0.655327342403095,322.0,2234.299446,0,2,112.0,289.75,0.015,1000.0,0.0005,0.028,2,1,,,,0.028,0,0,,,,0.028,0,0,,1,0.0005,1,16.0,0.0005,,,,1,1.0,0,0,,,1333
hyperstrike,Hyperstrike⚡️,0x14ce803e4963e2619491053045fa6bb996828819,5381.0,1219.0,97,86,0.8866,76,20,1,1006.0424899999999,1006.0424899999999,999.297769,0.0,1,2,0.9602030003903854,0.9602030003903854,0.9325541234146396,3568.0,999.297769,0,2,3568.0,3568.0,0.0245,399.0,0.0005,0.028,2,2,0.0089,,,0.028,0,2,,,,0.028,0,0,0.36326530612244895,5,0.00415,4,18.0,0.0015,,,-0.0005744004018596248,2,0.8,0,0,,,130
tdkimber,💎tdk💎,0x057291bd078f28687009ec4f17672adf6fe88423,5255.0,1286.0,83,69,0.8313,66,15,2,5301.363166,5278.356318000001,5083.191194,0.0,11,7,0.9151760832484687,0.9662605435801312,0.7774027931694637,492.0,2024.155764,1,6,1.0,193.54545454545453,0.005,750.0,0.0049,0.028,1,1,0.1,1999.0,,0.028,1,1,,,,0.028,0,0,20.0,1,0.0049,1,24.0,0.0049,,,,1,1.0,6,119,99.0,44.0,243
DjaniWhaleSkul,Djani,0x3a9c9b9165964d2114ea086ef54693f12487fb50,9606.0,1436.0,98,90,0.9184,83,15,0,9954.263404,9943.187104999999,7758.655739,25.630902,8,10,0.939449448465601,0.995267131242741,0.823083101557275,237.0,2551.119583,1,7,3.0,66.875,0.012,3000.0,0.00899,0.028,1,2,,3500.0,,0.028,1,0,,,,0.028,0,0,,2,0.01599,2,24.0,0.00899,,,,1,1.0,5,436,100.5,5.0,2488
RealDuckMaster,duckmaster.eth,0x58eb0848b4242010061359f0a72c81c7a4318810,19470.0,1278.0,88,80,0.9091,73,15,0,3439.867927,3439.867927,3402.2728240000006,0.0,5,5,0.8836366388712248,0.9870615135798338,0.7289882759375816,1160.0,1545.187538,0,4,29.0,561.4,0.01,,,0.028,0,2,,,,0.028,0,0,,,,0.028,0,0,,0,0.0,0,,,,,,0,,5,252,99.2,33.0,37
jennn_sol,jennn,0x4c5bde3ea737f9f9b490e7d16cdc954d29a9a23a,11695.0,1396.0,85,77,0.9059,72,11,2,943.666796,943.666796,729.7557840000001,0.0,3,6,0.8648143706238914,0.8861747811053483,0.5918033789730744,10205.0,507.579719,0,5,662.0,4243.0,0.015,150.0,0.0008,0.028,4,1,0.015,,,0.028,0,1,,,,0.028,0,0,1.0,2,0.0019000000000000002,2,24.0,0.0011,,,,1,1.0,0,0,,,144
byshagrath_,Shagrath,0x760105f66d34877c2bc43c6681a0e40ba2bd5a02,7452.0,1530.0,85,78,0.9176,73,12,0,127.86588600000002,127.86588600000002,96.411719,0.0,1,3,0.900531646321542,0.900531646321542,0.00207255924977336,,,0,2,3349.0,3349.0,0.0025,,0.0005,0.028,0,3,0.012,,,0.028,0,2,,,,0.028,0,0,4.8,1,0.0005,1,19.0,0.0005,,,,1,1.0,3,30,90.8,134.0,0
Daco1008,Daco,0x274e4971a79e30f3e62c3e5b896c868b6bda2572,10945.0,1369.0,83,79,0.9518,68,13,2,469.884101,459.79586800000004,433.059006,0.0,2,3,0.8436639087553801,0.8436639087553801,0.7937299502850537,24065.0,174.134221,0,3,1490.0,12777.5,0.0017,200.0,0.0006,0.028,3,3,0.049,,,0.028,0,1,,,,0.028,0,0,28.82352941176471,2,0.0010999999999999998,2,25.0,0.0006,,,,2,1.0,1,12,64.7,315.0,757
theagnft,ag,0x3ff3d0619a72017a6903d2916d2c7139f32087b9,13875.0,1214.0,63,57,0.9048,47,14,2,2614.2543269999996,2604.0201819999997,2431.119726,0.0,9,15,0.8965186969148797,0.9146666666666666,0.5244464363873179,1972.0,1275.067609,0,7,20.0,379.0,0.0013,130.0,0.0008,0.028,6,2,0.005,,,0.028,0,1,,,,0.028,0,0,3.8461538461538463,4,0.0031,4,0.0,0.001,,,-0.00027871379796781426,2,1.0,0,0,,,2767
depressivehacks,depressivehacks,0x62f2a511ec695c0e118023288bfada69e6511dd8,5805.0,1383.0,77,69,0.8961,59,18,0,666.305558,666.305558,650.8249010000001,0.0,2,5,0.8915070349494262,0.8915070349494262,0.595921370772449,8941.0,571.082143,0,4,3948.0,6444.5,0.0042,100.0,0.00117,0.028,7,1,0.00919999999996,1250.0,,0.028,1,2,,,,0.028,0,0,2.1904761904666668,6,0.00407,3,0.0,0.00117,,,0.0004060944772801826,4,0.5,0,0,,,777
NF_Janner,Janner,0x727223f4b7d2a5830d65c68a24d84590d84a852f,4148.0,1236.0,89,72,0.809,75,13,1,46.486746000000004,46.486746000000004,32.443943,0.0,1,3,0.6851406338174582,0.6851406338174582,0.05837108023522296,,,0,3,10601.0,10601.0,0.009899999999,248.0,0.0005,0.028,5,2,,,,0.028,0,0,,,,0.028,0,0,,1,0.0005,1,18.0,0.0005,,,,1,1.0,0,0,,,10
thejasich,jasich.eth | collab manager,0x2f3fa026f610d9cf32ee2342f2131f7d5cf5af04,21216.0,1654.0,73,70,0.9589,58,15,0,643.041619,643.041619,637.1986870000001,0.0,2,3,0.9017003665177988,0.9017003665177988,0.5225833295115443,9824.0,525.107249,0,3,2930.0,6377.0,0.00189,,0.0012999,0.028,0,2,,,,0.028,0,0,,,,0.028,0,0,,1,0.0012999,1,34.0,0.0012999,,,,0,1.0,0,0,,,433
craigscoinpurse,craigscoinpurse,0xc11212ed8201fa3e8589ee56d106406c0aa0838e,24909.0,1371.0,77,68,0.8831,65,12,0,1821.5268389999999,1811.2875999999999,1786.387589,0.0,3,7,0.9589257099905196,0.9644777094656806,0.8615206949027353,2565.0,1155.483975,0,4,273.0,1344.6666666666667,0.0214,888.0,,0.028,2,4,0.022,,,0.028,0,1,,,,0.028,0,0,1.02803738317757,0,0.0,0,,,,,,0,,0,0,,,2606
chesus,CHESUS🧀,0xa0ca7867d1a314bcad3a06bda01de57ff1b9f763,61179.0,1510.0,86,72,0.8372,71,14,1,21421.008541,21396.920372,11913.289652000001,21.159502,13,5,0.9301823978375986,0.993909988288439,0.7120177354641051,546.0,1983.489933,5,5,1.0,100.46153846153847,0.0999,,,0.028,0,4,,,,0.028,0,0,,,,0.028,0,0,,0,0.0,0,,,,,,0,,3,252,99.7,20.0,0
nftboi_,NFTboi 🥷,0x4ef648ad96db020111a3a0e7bce4ff6e1af3da68,111977.0,2073.0,84,77,0.9167,72,11,1,683.3883500000001,683.3883500000001,635.4385560000001,0.0,3,1,0.8915864318257593,0.8847693937872958,0.7157156950364133,10331.0,501.960612,0,3,105.0,5050.0,0.00149,,0.001,0.028,0,4,0.0222,1500.0,,0.028,2,1,,,,0.028,0,0,14.899328859060404,1,0.001,1,38.0,0.001,,,,0,1.0,0,0,,,719
beausecurity,Beau,0x61c0a442daad8fd45e716b9a35e132d777dd900f,30693.0,1640.0,89,79,0.8876,77,12,0,4806.777602000002,4782.8622110000015,4642.230285000001,0.0,3,1,0.9544659895866099,0.9482142857142857,0.6085817446851656,103.0,4451.614239,1,2,103.0,1021.6666666666666,0.02,,0.0015,0.028,0,1,0.022,,,0.028,0,2,,,,0.028,0,0,1.0999999999999999,1,0.0015,1,0.0,0.0015,,,,1,1.0,0,0,,,62
Senti__23,Senti 🪄,0x853e1e59c056da9c3bbf4e780ac0acbfe88d999a,2728.0,1552.0,87,79,0.908,72,14,1,4577.396028,4566.7375090000005,3539.8437209999997,0.0,5,8,0.9520464193806571,0.9711751662971175,0.7232096304143054,1505.0,1418.387519,1,7,13.0,413.4,0.007,1500.0,0.0012,0.028,1,2,,,,0.028,0,0,,,,0.028,0,0,,1,0.0012,1,31.0,0.0012,,,,0,1.0,4,301,100.8,2.0,4160
what3verman,✨whateverman✨🎙️,0x7c2ba9011a43c3982d9f0835243cef142e0210a6,49650.0,2000.0,107,102,0.9533,83,23,1,2995.151483,2983.995649,2983.288657,0.0,2,1,0.9883625844579615,0.9883625844579615,0.8133776445020613,260.0,2453.894942,0,1,260.0,473.0,0.006,1000.0,0.001,0.028,1,3,0.012,,,0.028,0,1,,,,0.028,0,0,2.0,3,0.0072,3,15.0,0.005,,,-0.0005441057100851528,2,1.0,0,0,,,2934
OGLemur,Lemur,0x29f28959e7383eb874e6f7ff9f6dd5be3de2b5d6,6079.0,1232.0,78,74,0.9487,68,10,0,159.14061099999998,159.14061099999998,35.006113,0.0,2,12,0.6333450619415768,0.6333450619415768,0.48397920215973106,,,0,6,239.0,2675.0,0.0098999999,100.0,0.0005,0.028,1,1,,,,0.028,0,0,,,,0.028,0,0,,3,0.0018999999999999998,3,16.0,0.0008,,,-0.0001686319489102534,3,1.0,1,1,0.3,1039.0,0
ZKernaut,ZK-Messirve ✳️,0xfa57025a2bc81a612216441dd299381b3718efce,1328.0,1214.0,79,74,0.9367,64,15,0,455.08469599999995,455.08469599999995,434.652866,14.250212,1,3,0.9686147186147186,0.9686147186147186,0.9512508563557935,,,0,1,145.0,145.0,0.00148,100.0,0.0007,0.028,3,5,0.007,,0.001,0.028,0,1,,,,0.028,0,0,4.72972972972973,7,0.005299999999999999,5,0.0,0.0009,0.001,,-8.698641659062583e-05,4,0.7142857142857143,1,20,90.8,136.0,386
chefgoose,Chef Goose,0xaccbe4a95776c87b7ec8249bac85e4b524be0c0b,10969.0,1260.0,79,74,0.9367,59,20,0,606.1089000000001,606.1089000000001,483.91256500000003,0.0,2,1,0.8157044960129197,0.8157044960129197,0.47892857673289674,11983.0,433.877716,0,1,7910.0,9946.5,0.00259999996,400.0,0.0007,0.028,1,3,0.012,,,0.028,0,1,,,,0.028,0,0,4.6153846863905335,3,0.002,3,23.0,0.0007,,,6.335977825740678e-06,2,1.0,1,6,3.8,909.0,62
ProofOfEly,Ely,0x253a41571830dca332724dff29afb8960ffccdf6,43279.0,1642.0,105,77,0.7333,83,21,1,30109.692961,30073.826631,26094.829847000008,0.0,17,0,0.9885672474420408,0.9971364287175292,0.7288632269187438,102.0,4482.970846,3,6,1.0,30.41176470588235,0.15,,,0.028,0,1,,4500.0,,0.028,3,0,5.0,,,0.028,0,1,,0,0.0,0,,,,,,0,,1,126,98.7,52.0,19919
camolNFT,camol,0xcb2940837b919e86899d62c19242fa49d3821f47,70161.0,1665.0,86,79,0.9186,74,10,2,9742.844831,9697.200521,9577.745381,7.017533,9,3,0.9400746697537208,0.984699849592958,0.7730801628285259,47.0,6091.253603,0,6,4.0,108.625,0.01,2000.0,0.0012,0.028,1,2,0.028,,,0.028,0,2,,,,0.028,0,0,2.8,2,0.0072,2,16.0,0.006,,,,2,1.0,0,0,,,2749
Jackkk,Jack,0xc4e55cbe0bdc28fca6d0fed614dacfa8302af6a8,33261.0,1479.0,92,79,0.8587,77,14,1,3465.171125,3447.765191,3445.839932,0.0,3,1,0.9477186034933552,0.9709724238026125,0.6527821617409307,153.0,3319.68552,0,2,20.0,1473.0,0.009,1440.0,,0.028,2,3,0.1,,,0.028,0,1,5.0,,,0.028,0,1,11.111111111111112,0,0.0,0,,,,,,0,,4,293,94.9,102.0,2305
PixassoHQ,Pix 🎨,0x243a8b738f682b888bd0c4fbcb42f3704ec0db97,8191.0,1223.0,90,87,0.9667,69,19,2,671.962713,671.962713,590.2072949999999,0.0,2,2,0.9160078741909669,0.9160078741909669,0.6377191397975126,9540.0,540.785911,1,3,25.0,4782.5,0.00629899999999,100.0,0.0007,0.028,6,1,,500.0,,0.028,1,0,,,,0.028,0,0,,1,0.0007,1,31.0,0.0007,,,,0,1.0,1,7,22.0,619.0,14
Napoleecrypt,Napolee,0xe3e8de38f7c7e1309714bbd47d194c2b91d0e76f,6255.0,1271.0,85,74,0.8706,68,17,0,1295.41038,1295.41038,1279.281253,0.0,5,1,0.9202089042372403,0.9555741453348949,0.7230226229185279,3983.0,947.792165,0,3,20.0,2279.2,0.005,,,0.028,0,2,0.00489999999999,700.0,,0.028,1,1,,,,0.028,0,0,0.979999999998,0,0.0,0,,,,,,0,,1,17,70.3,288.0,40
Rakermoon,Moonraker,0xe0d58749cf9f91b5d5e29a7c97191e60becdfd5d,11818.0,1420.0,86,81,0.9419,81,5,0,4928.949981,4918.837946,4344.539055,0.0,13,7,0.9125184825117032,0.9641849359670067,0.7129113045226482,2637.0,1141.842843,2,7,13.0,271.2307692307692,0.04,,,0.028,0,2,,,,0.028,0,0,,,,0.028,0,0,,0,0.0,0,,,,,,0,,1,120,99.2,34.0,184
coperto_xbt,Coperto,0x577152b534439550d60644ab372dd6585686a645,2435.0,1398.0,103,94,0.9126,90,13,0,110.77509900000001,100.469417,93.95834099999999,0.0,1,2,0.8980961715524667,0.8980961715524667,0.7667863782311779,,,0,1,3431.0,3431.0,,350.0,,0.028,2,0,,,,0.028,0,0,,,,0.028,0,0,,0,0.0,0,,,,,,0,,1,22,83.6,198.0,0
GMB_AOB,GMB,0xcd9aa0f51ae128575af8b62e14c5b2e2baf8a153,6434.0,1510.0,74,66,0.8919,67,6,1,3334.7914390000005,3334.7914390000005,3206.364737,0.0,5,3,0.8820241369094729,0.9014285714285715,0.45792386896791326,442.0,2077.731556,2,4,18.0,1114.2,0.00799,1000.0,0.001,0.028,1,5,0.045,,,0.028,0,1,,,,0.028,0,0,5.632040050062578,1,0.001,1,21.0,0.001,,,,1,1.0,1,61,98.7,56.0,10
0xleegenz,le.hl,0xf8af8b05323c61c6c48e4df67f49f6ca4cedc066,13279.0,1736.0,93,87,0.9355,80,13,0,3100.1117249999998,3087.778813,3058.758714,0.0,4,3,0.9061108354886336,0.9903450241677816,0.8772691468365335,272.0,2401.325004,0,3,54.0,466.75,0.009899999999,1000.0,0.0008,0.028,4,2,0.0022,,,0.028,0,1,,,,0.028,0,0,0.22222222224466892,2,0.0013,2,0.0,0.0008,,,,2,1.0,0,20,62.7,328.0,124
TheAntAcademy,The Ant Academy 🎓,0xa8910c8e7a8174227d48a41eba212c56730a7b64,12022.0,1268.0,95,90,0.9474,82,13,0,3830.786279,3830.786279,3354.979863,0.0,7,2,0.9255975621075533,0.958128078817734,0.8039303133652235,777.0,1769.655455,1,3,8.0,223.71428571428572,0.015,300.0,0.0008,0.028,1,2,0.00999999999997,,0.0019999979,0.028,0,1,,,,0.028,0,0,0.6666666666646667,4,0.0041999979,4,0.0,0.0008,0.0019999979,,0.0003502049287040812,4,1.0,2,41,98.7,59.0,1
xxCJ78xx,CJ78,0xe6cea553a27a570d1fa0e7612e6a8dcd9321077f,5156.0,1375.0,94,74,0.7872,76,18,0,2929.628272000001,2919.0983020000012,1923.607537,18.4024,8,10,0.9246285796927347,0.9586146003197582,0.5496569143616179,15760.0,326.249106,4,6,9.0,2149.25,,100.0,0.0005,0.028,1,0,0.09,10000.0,0.0005,0.028,1,1,,,,0.028,0,0,,3,0.0018,3,3.0,0.0008,0.0005,,-0.0002872494320475429,3,1.0,0,0,,,68
FogoNPC,Fogo,0x2bafc1e12704563e329cbfe8332695d72065ba19,10060.0,1417.0,82,72,0.878,75,7,0,8634.594695000002,8624.315318,5468.104047000001,0.0,9,8,0.9151467614889955,0.9841392002676929,0.6056531551069352,1422.0,1443.346582,3,7,6.0,201.44444444444446,0.00989999999999,,0.008,0.028,0,1,,,,0.028,0,0,,,,0.028,0,0,,1,0.008,1,24.0,0.008,,,,1,1.0,5,62,95.7,96.0,28
TMoneyy,TMoneyy,0x35131f05fad17207361c59bd36392eb56f4bd114,17317.0,1306.0,87,79,0.908,74,11,2,1574.020827,1563.93436,1279.829887,20.279922,4,16,0.8746766767108074,0.8537301285203176,0.5544562547760841,17223.0,297.953367,2,7,91.0,4421.75,0.02,,0.0005,0.028,0,1,,,0.0016,0.028,0,0,,,,0.028,0,0,,2,0.0021000000000000003,2,15.0,0.0005,0.0016,,,2,1.0,2,31,64.7,313.0,341
Aizcalibur,Aiz,0x562ffbc839b608e35646e9de40591b5145bcc6f5,24430.0,1813.0,90,63,0.7,76,14,0,573.8957660000001,573.8957660000001,501.861776,0.0,2,1,0.8715514410177285,0.8715514410177285,0.5600652189016836,12221.0,425.014469,0,1,4060.0,8140.5,0.0099,550.0,0.0008,0.028,2,1,0.05,,,0.028,0,1,,,,0.028,0,0,5.05050505050505,3,0.0031000000000000003,3,0.0,0.0012,,,-0.0003500465446007241,1,1.0,0,0,,,134
hankisinvesting,Henry,0xb9c83b89db1c298c4aaf95843539ea64126666e3,7197.0,1438.0,75,70,0.9333,68,7,0,1327.442072,1327.442072,1313.826953,0.0,3,1,0.9462595482020569,0.9446494464944649,0.43574045692861735,2667.0,1136.348747,0,2,255.0,1828.3333333333333,0.0097,750.0,0.0005,0.028,2,2,0.018,,,0.028,0,1,,,,0.028,0,0,1.8556701030927834,3,0.0018,3,16.0,0.0007,,,-0.00010131886122578832,3,1.0,1,36,95.9,92.0,46
Rempo1,Rempo,0x708f9144a8754a88e07493a1718fcc9eca3115e2,10632.0,1457.0,92,85,0.9239,77,15,0,4043.5915400000004,4043.5915400000004,3564.650735,40.945039,13,10,0.9235373912424438,0.9436619718309859,0.5924491702342052,917.0,1677.528835,2,7,14.0,171.15384615384616,0.009899999999,125.0,0.0005,0.028,7,2,,,,0.028,0,0,,,,0.028,0,0,,8,0.0052,3,16.0,0.0008,,,-0.0003051095354882176,6,0.375,0,0,,,1537
quan_eth,Quan,0xea60ae5328f5c9250b0ecb9150eb1dbae746f409,23622.0,1450.0,93,89,0.957,80,13,0,3881.415182,3858.1409209999997,3034.181726,219.977004,6,6,0.9595455586779033,0.9739863365121856,0.600121848539562,899.0,1688.22245,1,5,25.0,235.33333333333334,,500.0,0.0005,0.028,1,0,0.018,3999.0,,0.028,2,1,,,,0.028,0,0,,2,0.0013,2,1.0,0.0008,,,,2,1.0,1,23,85.2,184.0,1922
PopPunkOnChain,Pop Punk,0x395d4f15409b3f29d353db7e583c92d84cbaf2e2,31106.0,1331.0,80,53,0.6625,67,13,0,2288.465252,2257.66212,2257.66212,0.0,2,0,0.9262369094299541,0.9262369094299541,0.5579252665309865,341.0,2194.797576,0,1,341.0,2590.0,0.00989999999999,350.0,0.0097,0.028,1,1,,,,0.028,0,0,,,,0.028,0,0,,2,0.010700000000000001,2,0.0,0.0097,,,,1,1.0,0,0,,,2788
Teacher96_Katie,Teacher96-(Katie),0xc8ad170f587ca7187b0b08d13df09eb22bd4df3b,8940.0,1235.0,85,77,0.9059,71,14,0,369.619233,359.598099,281.21958700000005,0.0,3,4,0.8145315337925446,0.8063943161634103,0.45124111352574525,25212.0,158.727207,1,4,109.0,9356.0,0.024899999,1101.0,,0.028,1,1,,,,0.028,0,0,,,,0.028,0,0,,0,0.0,0,,,,,,0,,2,97,100.0,16.0,22
ProofOfTravis,Travis 💡,0x66ca45e79746984385d185dcc000fae482123072,33235.0,1794.0,85,81,0.9529,72,13,0,9115.360627999999,9104.352432999998,8372.957075999999,58.2852,14,6,0.9161196175748472,0.9695639247162102,0.6619988960282901,216.0,2654.874105,3,6,1.0,84.5,0.011,1999.0,,0.028,1,5,,,,0.028,0,0,,,,0.028,0,0,,0,0.0,0,,,,,,0,,1,69,98.5,61.0,191
GuigsLuke,Guigs,0xc526fb73c639aaf21aa9aafe7ac5249c249e2730,3555.0,1526.0,99,86,0.8687,85,13,1,3205.2831169999995,3184.9785769999994,3056.000033,0.0,5,3,0.9892090526594352,0.992970946579194,0.8649251763906479,2206.0,1223.814731,1,3,15.0,502.4,0.01099999999997,500.0,0.0009,0.028,1,2,0.03,,,0.028,0,1,,,,0.028,0,0,2.727272727280165,2,0.0044,2,35.0,0.0035,,,,0,1.0,1,80,99.2,36.0,134
BetmanJoe,Joe Betman 🇨🇷 🇫🇷,0x44921390883dffacb5318154608318903a548907,14176.0,1956.0,66,65,0.9848,55,8,3,1112.441808,1091.966251,748.298097,0.0,6,13,0.8213132545539912,0.8610683355020099,0.38154597997627954,29033.0,118.485064,2,7,72.0,5071.5,0.02999,2999.0,0.0026,0.028,4,4,0.3,,,0.028,0,1,,,,0.028,0,0,10.003334444814937,2,0.0066,1,28.0,0.004,,,,1,0.5,1,33,99.5,32.0,205
levithefirst,LΞVI,0xe45df6e2a276fd7a3cde4c7de2f666ac4e8fc30f,4869.0,1265.0,94,87,0.9255,76,18,0,544.370795,544.370795,529.868988,14.501807,2,0,0.8794579305814905,0.8794579305814905,0.6179744200747452,11698.0,444.802764,0,1,3724.0,7711.0,0.006,100.0,,0.028,4,1,0.00359999999997,240.0,0.001,0.028,1,3,,,,0.028,0,0,0.599999999995,1,0.001,1,13.0,,0.001,,,1,1.0,0,0,,,43
SwannyNFT,Prince Swanny👑🪖,0xd69ed62b9874b8119fbcf176165cc5b5b21495df,12793.0,1270.0,73,68,0.9315,60,13,0,1327.746138,1327.746138,1327.5881840000002,0.0,2,1,0.9558062611658869,0.9558062611658869,0.7139317567450549,2628.0,1142.623224,0,2,1989.0,2308.5,,198.0,,0.028,3,0,,699.0,,0.028,2,0,,,,0.028,0,0,,0,0.0,0,,,,,,0,,3,9,12.3,748.0,1484
smolgeeek,geek,0xe0c6df9137eca4fd8903db5150ff8ea73a37a986,10054.0,1268.0,79,72,0.9114,66,13,0,1816.8088800000003,1816.8088800000003,1805.4291249999999,0.0,3,1,0.8683056869126458,0.9912665216663878,0.6487306720216154,783.0,1764.02932,0,2,80.0,4597.0,0.04,1400.0,0.0009,0.028,2,2,0.00999999999997,8000.0,,0.028,1,1,,,,0.028,0,0,0.24999999999925,1,0.0009,1,35.0,0.0009,,,,0,1.0,5,53,84.1,188.0,1937
0xumutcan,umutcan ✳️,0x2cb296048f52424eb3f5bedff035f7c4d6dd9396,9808.0,1464.0,81,77,0.9506,63,17,1,594.349291,594.349291,471.046552,0.0,3,2,0.849285219779269,0.8492443254698567,0.32391500748248714,13516.0,381.338579,0,3,546.0,5881.333333333333,0.003,130.0,0.0008,0.028,3,4,0.005,700.0,,0.028,2,2,,,,0.028,0,0,1.6666666666666667,1,0.0008,1,24.0,0.0008,,,,1,1.0,1,14,80.6,225.0,47
ItsTymo,ItsTymo,0xc9be973f23cbbfff1a207a64a3ef0d2197c45008,7231.0,1262.0,87,81,0.931,71,15,1,779.009121,768.547652,758.717361,0.0,3,2,0.8952039010331431,0.8834197758072612,0.8044444216797157,10452.0,496.984687,0,4,51.0,4242.0,,150.0,0.0005,0.028,2,0,0.00998999999998,,,0.028,0,2,,,,0.028,0,0,,3,0.0015999999999999999,2,1.0,0.0006,,,-0.00010057151744949078,3,0.6666666666666666,0,0,,,750
flyest,IB 💸,0xea1dd63b305e6ee487e416eb4be1b4353551a702,6773.0,1343.0,92,75,0.8152,82,9,1,786.311354,786.311354,786.311354,0.0,2,0,0.8190793529303796,0.8190793529303796,0.9169481018135416,6180.0,746.318788,0,1,6180.0,8021.0,0.0028999999,100.0,0.0005,0.028,3,1,0.00699999999996,,0.0011,0.028,0,1,,,,0.028,0,0,2.4137931866687303,2,0.0016,2,29.0,0.0005,0.0011,,,1,1.0,0,0,,,750
itskkoma,itskkoma,0xaab9872b9099ba08b2939b3e82efc9116380cbab,9993.0,1612.0,78,71,0.9103,67,11,0,6372.090437,6350.098981,6239.784344,0.0,8,2,0.9549850926044233,0.9934172921530218,0.8797651443267585,363.0,2165.006375,1,4,4.0,97.875,0.025,200.0,,0.028,5,1,,,0.002,0.028,0,0,,,,0.028,0,0,,1,0.002,1,3.0,,0.002,,,1,1.0,1,61,99.0,49.0,256
crazino87,Crazino.eth,0xd9df8a5e14ec420d010429ce6efddaf1f06e4251,5211.0,1453.0,82,73,0.8902,70,12,0,2408.4479229999997,2408.4479229999997,2222.616797,16.446835,2,7,0.9859011053653736,0.9859011053653736,0.8664061074930672,957.0,1650.523563,0,5,590.0,773.5,0.0098999999,200.0,,0.028,2,1,0.009,10000.0,,0.028,1,2,,,,0.028,0,0,0.9090909182736456,0,0.0,0,,,,,,0,,0,0,,,6
LaraTheRudeDuck,Lara (Trader arc),0x39f00d7bb491a9691d3bedc2a94db42410919f91,3394.0,1275.0,88,76,0.8636,76,10,2,58.004391999999996,58.004391999999996,47.766664,0.0,1,4,0.5556410685405164,0.5556410685405164,0.9221171694133801,39839.0,47.766664,0,2,39839.0,39839.0,,200.0,0.0008,0.028,2,0,,,,0.028,0,0,,,,0.028,0,0,,1,0.0008,1,33.0,0.0008,,,,0,1.0,4,19,55.5,369.0,56
Idedj,Ide,0xc26fd781ce87dcad9952bc65b7bc1e4e103cb46b,7151.0,1382.0,75,62,0.8267,58,17,0,1183.199809,1173.185582,740.917327,12.2753,5,9,0.8740091018028353,0.8975,0.3262451950932076,16509.0,315.635677,3,5,54.0,3572.2,,400.0,0.0006,0.028,1,0,0.03,,0.0025,0.028,0,3,,,,0.028,0,0,,3,0.0043,3,14.0,0.0012,0.0025,,-0.00123567650105889,1,1.0,4,68,97.4,81.0,81
austiinxbt,awestin.eth,0xe86a383f599eb082f0dd6187dc144e22893220f6,6404.0,1546.0,89,80,0.8989,75,14,0,2941.50676,2941.50676,2892.4351600000005,0.0,4,1,0.9810230942768511,0.9939895192139533,0.854681459859021,455.0,2061.92968,0,3,32.0,659.5,0.0035,150.0,,0.028,2,3,0.01,,,0.028,0,1,,,,0.028,0,0,2.857142857142857,0,0.0,0,,,,,,0,,0,0,,,3020
zaddyfi,Zaddy,0x23e2f3c97536363f49a24735f032db65a13d087c,24983.0,2053.0,95,90,0.9474,82,12,1,6592.2744619999985,6592.2744619999985,6183.502966,0.0,6,6,0.9921876185484689,0.9961939418564816,0.72838946576361,469.0,2045.110814,2,5,6.0,99.83333333333333,0.02,1000.0,,0.028,1,1,0.015,3500.0,,0.028,2,2,,,,0.028,0,0,0.75,0,0.0,0,,,,,,0,,1,33,96.4,89.0,0
swankyjohnx,Swanky,0x3345447cc01c6f152cda2c165185414408a224ed,14759.0,1419.0,81,77,0.9506,69,12,0,5535.978860000001,5524.978795000001,5118.866170000001,0.0,19,10,0.8987338332467701,0.9438775510204082,0.5799295590341453,9289.0,552.698968,5,7,8.0,573.1578947368421,0.0248,1490.0,0.0007,0.028,2,3,0.019,,,0.028,0,2,,,,0.028,0,0,0.7661290322580645,1,0.0007,1,31.0,0.0007,,,,0,1.0,1,108,99.0,43.0,350
RiddlerNFT,RIDDLΞR,0xaafae30d7cf0a0deba2e5902a3ead90af36a4daa,35779.0,1609.0,84,75,0.8929,76,7,1,3776.7890130000005,3765.4685810000005,3563.881424,16.610048,8,8,0.9202958326806947,0.9481805637384104,0.6207282425277902,376.0,2143.392675,0,5,55.0,229.25,0.002955,1000.0,0.0012,0.028,2,5,0.022,,,0.028,0,1,,,,0.028,0,0,7.445008460236886,2,0.0026,2,32.0,0.0014,,,,0,1.0,6,56,98.2,67.0,2987
amit0xic,t0xic 🧪,0x78d61e923cb81698cda966beb77859e747d324eb,17877.0,1776.0,78,74,0.9487,70,5,3,6050.593609000001,6050.593609000001,5656.134577999999,263.45674299999996,8,4,0.9482893388203586,0.9851875295550809,0.7641078691347721,217.0,2654.633174,1,4,26.0,104.875,0.008,,0.0006,0.028,0,1,,,,0.028,0,0,,,,0.028,0,0,,2,0.0010999999999999998,2,3.0,0.0006,,,,2,1.0,1,27,71.9,278.0,6899
bunya_eth,Bunya🏀Vibunya Arc,0x26dd4199269bec9457f84adb029db917a910c711,17282.0,1540.0,73,71,0.9726,64,9,0,695.918591,695.918591,534.877342,0.0,2,1,0.870262720590702,0.870262720590702,0.5747966253113335,11118.0,467.813774,0,1,4561.0,7839.5,0.0025,750.0,0.0007,0.028,1,3,,,,0.028,0,0,,,,0.028,0,0,,2,0.0012000000000000001,2,0.0,0.0007,,,,2,1.0,2,50,92.8,120.0,45
OODEGEN,哟,0xbf568431cdd5c54195d6bf084bb3e2c94b195204,1303.0,1259.0,110,99,0.9,90,20,0,3303.9360149999998,3283.661323,2733.5069439999993,46.8055,15,17,0.853772499220708,0.8497652582159625,0.6391300382697761,,,1,7,41.0,156.53333333333333,0.002096,139.0,0.00113,0.028,3,3,0.09,500.0,,0.028,1,1,,,,0.028,0,0,42.93893129770992,4,0.0033299999999999996,3,0.0,0.00113,,,-9.980098550768114e-05,3,0.75,1,3,1.5,963.0,74
anytwocardzz,cardzz,0xd88bf1ba506954ffcfa8a29e9ac1ac6f9b4702e2,17114.0,1421.0,100,90,0.9,84,16,0,3710.4760070000007,3710.4760070000007,3636.8652570000004,14.5892,4,7,0.9909746573813827,0.9933986197836705,0.825239706410032,739.0,1799.127418,0,4,84.0,271.0,0.008,400.0,0.0011,0.028,5,1,0.025,,,0.028,0,1,,,,0.028,0,0,3.125,1,0.0011,1,31.0,0.0011,,,,0,1.0,2,49,79.5,231.0,1485
zubic_eth,zubic,0x077ac19ff94d46f7155ea660c92ab53bf8868763,30855.0,1436.0,103,95,0.9223,86,17,0,4036.749216,4009.009603,3995.759373,0.0,2,3,0.9902049384283005,0.9902049384283005,0.8322445360974016,148.0,3426.789147,0,2,148.0,376.0,0.0055,400.0,0.001,0.028,2,2,,,,0.028,0,0,,,,0.028,0,0,,1,0.001,1,38.0,0.001,,,,0,1.0,1,52,87.5,161.0,0
johnjassper,JASSP3R ♞,0x39df3034bd0439e9bfb042d3d6309d82b46213ee,8034.0,1287.0,87,80,0.9195,73,14,0,6695.9702529999995,6682.138954999999,5965.7182,21.0388,14,4,0.9775241832186135,0.9857306612601372,0.6191329633354069,449.0,2072.995144,3,7,16.0,73.92857142857143,0.00959999999997,699.0,0.0007,0.028,2,3,0.1,888.0,0.001,0.028,1,1,,,,0.028,0,0,10.416666666699218,5,0.006200000000000001,3,0.0,0.0035,0.001,,-0.0022964944176422854,5,0.6,1,10,62.4,331.0,2901
Jampzey,Jampzey,0xb776c1a280f4b638b5230d125bf952e79c8bb7a4,117919.0,2270.0,100,86,0.86,79,20,1,6438.418286000001,6416.895484000001,6293.940057,0.0,8,2,0.9852413633191611,0.9929864203652488,0.6693738370470751,135.0,3657.020491,1,4,6.0,84.875,0.008,1400.0,0.0014,0.028,2,5,,5900.0,,0.028,2,0,5.0,,,0.028,0,1,,2,0.0094,2,1.0,0.008,,,,2,1.0,0,0,,,51
MagicMikeEditss,MagicMike (dream/acc) bearishaf,0x454e930defef173e7923267d722fa0cca0907172,6026.0,1498.0,97,89,0.9175,77,20,0,7072.170949000001,7062.020332000001,4563.0659829999995,10.46726,9,16,0.8982866432276495,0.9034632034632035,0.4643833012769435,1013.0,1612.201617,2,7,2.0,337.3333333333333,0.007,1000.0,0.0009,0.028,1,5,0.022,4000.0,,0.028,1,1,,,,0.028,0,0,3.142857142857143,3,0.0033,3,11.0,0.0014,,,-0.0004620207951035666,1,1.0,2,528,100.8,1.0,385
Gyokeres_eth,Gyo,0x82ec56aaf7aa35c6ac62b598e6c964a4b186f775,17029.0,1494.0,86,79,0.9186,73,13,0,5666.837775000001,5666.837775000001,5095.240268,59.1817,8,2,0.9744234638323999,0.9926283185465223,0.6358554259850047,344.0,2192.919747,2,5,12.0,153.75,0.035,3000.0,0.004,0.028,1,3,,,,0.028,0,0,,,,0.028,0,0,,1,0.004,1,33.0,0.004,,,,0,1.0,3,564,100.5,4.0,52
TimHaldorsson,Tim Haldorsson,0x776b440b04444c78bbe5658585d109b87e0029bf,31494.0,2017.0,92,86,0.9348,81,11,0,10822.504989000001,10822.504989000001,9014.882005,636.415894,8,1,0.9907535564858483,0.9975576021406879,0.8266208639111587,169.0,3074.095434,1,4,1.0,53.75,0.009,1999.0,,0.028,1,5,,,,0.028,0,0,,,,0.028,0,0,,0,0.0,0,,,,,,0,,1,194,99.7,19.0,79
R3birth,R3birth,0xd16a966582f28a1ee7a88043e6dd318ccf8bb8be,7617.0,1429.0,99,88,0.8889,90,8,1,3335.9329210000005,3324.9662660000004,2656.3012599999997,98.995502,13,9,0.8992561699788273,0.9152119700748129,0.5545681243993447,6400.0,730.840575,2,7,7.0,645.1538461538462,0.01,100.0,0.0008,0.028,2,1,0.0555,,,0.028,0,1,,,,0.028,0,0,5.55,1,0.0008,1,24.0,0.0008,,,,1,1.0,0,0,,,24
MtroX207,MtroX.,0xa50c61b63002e78c39ef7480555b6fe6e9eb3c4d,16344.0,1565.0,77,71,0.9221,64,12,1,4236.321148,4215.648673,3848.5179620000004,110.07770000000001,13,5,0.8341406892537964,0.8496302382908792,0.4402278988841143,1445.0,1436.644614,0,7,50.0,331.0,0.004,599.0,0.0011,0.028,2,1,0.01999,1500.0,0.008,0.028,1,1,,,,0.028,0,0,4.9975000000000005,2,0.0091,2,40.0,0.0011,0.008,,,0,1.0,2,75,99.0,46.0,1020
joxiecoxie,JoxieCoxie🧦💜 (authentic chaos arc),0x0f2b80d5aa0233f36b8a87511ed71be7175f440c,7361.0,1253.0,102,94,0.9216,91,10,1,2898.8640160000004,2898.8640160000004,1683.79218,0.0,4,2,0.9572117577001713,0.9624111582176793,0.5611235103012735,5987.0,760.110602,2,2,12.0,1874.75,0.005,,0.0006,0.028,0,2,0.018,,,0.028,0,1,,,,0.028,0,0,3.5999999999999996,4,0.0054,4,14.0,0.003,,,-0.00018675282510792517,3,1.0,1,39,83.9,192.0,2048
jgonzalezferrer,Javi🥥.eth,0x9b4c43f10bee24e64af26cd257e8f5a0140c9827,63195.0,1541.0,89,75,0.8427,75,13,1,4227.269133000001,4213.401935000001,4026.013628,105.5883,4,8,0.9754689909460825,0.9963694374625933,0.704023909041161,185.0,2867.82134,0,5,30.0,145.5,0.019,600.0,,0.028,2,3,0.022,,,0.028,0,1,,,,0.028,0,0,1.1578947368421053,0,0.0,0,,,,,,0,,11,126,99.5,28.0,103
AInvestor_11,AInvestor,0x5e1998fc4fb1670914a3e0c9971752dd02592477,15145.0,1532.0,83,73,0.8795,67,13,3,4777.708035,4777.708035,4678.039951000001,51.277,6,2,0.9871983130328609,0.9934011466531314,0.933348101375279,385.0,2134.067119,0,3,15.0,83.66666666666667,0.007,,0.0012,0.028,0,2,0.017,,,0.028,0,2,,,,0.028,0,0,2.428571428571429,1,0.0012,1,31.0,0.0012,,,,0,1.0,1,17,79.8,229.0,1033
emilios_eth,emilios.eth,0xf6df8128e3b7a579c2dac631b1dadb12a4fbf0b2,8783.0,1973.0,66,57,0.8636,46,17,3,3144.634665,3144.634665,3132.695875,0.0,3,1,0.995198409569591,0.9972378152009267,0.8709687799016012,916.0,1677.778997,0,2,48.0,352.3333333333333,0.008,,0.001,0.028,0,1,0.002,,,0.028,0,4,5.0,,,0.028,0,1,0.25,1,0.001,1,23.0,0.001,,,,1,1.0,1,9,32.0,514.0,40
xeetdotai,xeet,0x0f34d9c4e01f9f350536780fd1fbc05aa3e3403d,95855.0,1763.0,66,59,0.8939,54,12,0,50.16262849305449,50.16262849305449,50.16262849305449,0.0,1,0,0.8789984852534973,0.8789984852534973,0.0,,,0,1,4074.0,4074.0,0.01998,,,0.028,0,2,,,,0.028,0,0,,,,0.028,0,0,,0,0.0,0,,,,,,0,,1,11,36.3,482.0,0
J0xhen,Jochen,0x58b75b983a2fe5620b6bc19a1070cdf438b8d635,305.0,1215.0,65,56,0.8615,53,11,1,0.0,0.0,0.0,0.0,0,0,,,,,,0,0,,,0.00989999999997,400.0,0.0008,0.028,2,2,,,,0.028,0,0,,,,0.028,0,0,,1,0.0008,1,33.0,0.0008,,,,0,1.0,1,11,35.0,490.0,0
LittleBladed,LittleBladed,0xb5cd0b813bc14bbf1d3cdd891130338e31e754af,97.0,1210.0,57,55,0.9649,42,15,0,0.0,0.0,0.0,0.0,0,0,,,,,,0,0,,,0.0021,100.0,0.0007,0.028,1,4,0.05,,,0.028,0,1,,,,0.028,0,0,23.809523809523814,2,0.0013,1,22.0,0.0007,,,,2,0.5,0,0,,,0
scottybmitch,Scotty,0xf68b5455fc5d17f4f5b509b769f819cc3b457bdf,16421.0,1399.0,85,77,0.9059,72,12,1,1097.212016,1097.212016,990.496731,0.0,4,4,0.8594389832247584,0.9087288016327467,0.608768122029322,33917.0,79.842427,1,5,47.0,8591.25,0.0999,3000.0,,0.028,3,2,0.3,,,0.028,0,1,,,,0.028,0,0,3.003003003003003,0,0.0,0,,,,,,0,,5,82,98.2,64.0,1860
