rank,xHandle,displayName,tier,compositeScore,dim_performance,dim_market,dim_engagement,dim_reach,totalXeetsExclXeetsgiving,competitiveTournamentCount,avgDifficultyAdjustedPercentile,signalRatioAvg,multiplierBreadth,cryptoCreatorRank,cryptoCreatorXeets,osFloorCommon,osFloorRare,ethSaleVolume,highestSaleCommon,highestSaleRare,priceTrajectory,rarityPremiumRatio,saleVelocity30d,ownCardsHeld,deckReachScore,followers,nicheDiversity,bestRank,totalSupply,uniqueCollectors,collectorDensity
1,waleswoosh,wale.moca 🐳,Mythic,87.97072910058621,84.19155057540885,82.63850034335496,97.54865483353856,94.1650187858414,15498.440375999999,12,0.9580862632270112,0.7717311086841065,0,15.0,8216.797471,0.0477,0.55,3.0957978899999996,0.089,0.3,-0.026002497216323694,11.530398322851154,14,7,99.0,172546.0,6,3.0,79,61,0.7722
2,beijingdou,Josh Ong,Mythic,87.66004733699373,88.32444982838683,79.7133642771451,89.41644402109519,96.79091688089117,19691.714547000003,30,0.9405921479919755,0.6590012811048435,10,253.0,2476.502586,0.027,0.17,2.0663,0.05,0.25,-0.0012221024128870623,6.296296296296297,8,7,96.7,139776.0,7,2.0,93,71,0.7634
3,ProofOfEly,Ely,Mythic,86.4166342052941,94.01529376135676,81.08974769866282,77.65789443115025,86.71000593237096,30073.826631,17,0.9885672474420408,0.7288632269187438,3,102.0,4482.970846,0.079999999,0.19,2.7028599899999706,0.049,0.25,-0.033269643022854144,2.3750000296875005,12,1,98.5,43279.0,6,1.0,105,77,0.7333
4,lizmoneyweb,Lizzie,Mythic,85.17571853730674,94.35160508782555,75.74719801070776,89.17840299235648,71.08397600685518,14280.055781999998,13,0.9888525419153525,0.8220217811806039,2,282.0,2355.076502,0.035,nan,0.28969998888799003,0.01699999999999,0.025,-0.0036938814464992213,nan,9,2,99.5,11048.0,7,1.0,86,78,0.907
5,chesus,CHESUS🧀,Mythic,83.65659231894693,83.69816272965879,79.37093943420169,87.78861835838579,85.17912464570563,21396.920372,15,0.906653941908086,0.6963794046217012,5,546.0,1983.489933,0.025,nan,0.8888999999999999,0.0275,0.05,-0.01622019672527265,nan,11,3,99.2,61179.0,5,1.0,86,72,0.8372
6,greenytrades,Greeny,Mythic,83.40278509004895,92.24258025439127,93.8464266863412,53.650012777919756,82.09429174082132,16454.923690999996,10,0.9750245760297958,0.8200683563039626,2,127.0,3776.444449,0.0148999999,0.037,0.6239,0.02,0.09,0.00318664517157964,2.483221493175983,14,2,0.3,43093.0,5,2.0,94,72,0.766
7,TimHaldorsson,Tim Haldorsson,Mythic,81.62644386526974,90.8170300827781,74.89183006224876,78.72267848430639,72.21425746490013,10822.504989000001,8,0.9907535564858483,0.8266208639111587,1,169.0,3074.095434,0.006,0.033,0.202068,0.01,0.057,-0.002397978341925046,5.5,13,1,99.5,31494.0,4,1.0,92,86,0.9348
8,lokithebird,LoKi 😈,Mythic,81.44418130165714,77.25812638804766,83.27614012561607,97.80650744604232,67.73729483883726,7865.045496,7,0.9231571624505374,0.896331766114387,0,31.0,6904.196982,0.0119,0.045,0.32220000000000004,0.01,0.07,0.005304786633142109,3.7815126050420163,7,7,99.2,48666.0,3,9.0,78,69,0.8846
9,DjaniWhaleSkul,Djani,Mythic,81.38012434695821,81.56970522915404,78.22988557100828,95.64930418418791,67.09940017137961,9943.187104999999,9,0.9089921023397936,0.8144218923810083,1,237.0,2551.119583,0.006,0.022,0.11016999999999999,0.005,0.01,0.0015380813394598792,3.6666666666666665,12,9,99.7,9606.0,7,3.0,98,90,0.9184
10,CryptoVonDoom,VonDoom ☕️,Mythic,80.28352100326597,85.78573591762569,76.73993939889823,63.00824175824176,94.55062289895194,9597.036074999998,17,0.9299864381743869,0.7261322342693388,3,227.0,2607.273115,0.007,nan,0.5312,0.011,0.015,-0.012039241240181551,nan,14,1,80.8,195157.0,6,1.0,76,71,0.9342
11,Jampzey,Jampzey,Mythic,79.56680885113451,84.24697153240459,73.63429692169204,75.90645981925053,81.85436029266364,6416.895484000001,8,0.9852413633191611,0.6693738370470751,1,135.0,3657.020491,0.0055,0.5,0.504398999,0.009899999,0.022,-0.013498429087046753,90.90909090909092,13,1,97.7,117919.0,4,6.0,100,86,0.86
12,pukerrainbrow,Pukerainbow 🤮🌈,Mythic,79.36622698307232,83.29073288915808,81.80763494273484,67.94896963501614,80.05487443148111,10908.644021000002,10,0.9619446594269968,0.7457094949947091,0,199.0,2782.375407,0.01,0.075,0.33856,0.0099,0.022,0.0019344683964370006,7.5,7,1,89.3,80176.0,4,2.0,82,68,0.8293
13,Hydraze420,Hydraze 🏴‍☠️,Mythic,79.00612656049593,86.18221280032304,72.97522467431222,61.59462049578329,93.13674115087997,7324.343032999999,10,0.9658802967691809,0.6840656777739207,2,196.0,2789.320437,0.007,0.175,0.3593,0.009,0.0299,-0.002543326766327901,24.999999999999996,10,1,75.7,131460.0,6,2.0,92,85,0.9239
14,BR4ted,₿🧞‍♂️,Mythic,78.86072562857836,78.47314758732082,96.4299602373345,64.86009920312246,69.27971129127943,6233.59416,7,0.9477750033960435,0.8544005829747962,0,110.0,4241.449911,0.03,0.3,0.4978999999999999,0.029,0.064,0.03420869523748317,10.0,15,1,80.3,52404.0,3,14.0,82,75,0.9146
15,ProofOfTravis,Travis 💡,Mythic,78.74096432126733,79.18766404199475,80.69283441907278,71.35896661478057,84.13931184496738,9104.352432999998,16,0.8972045261204467,0.6242087771860025,3,216.0,2654.874105,0.006,0.05,0.13614900000000002,0.009,0.022,0.002000186965680669,8.333333333333334,10,1,95.1,33235.0,6,1.0,85,81,0.9529
16,Pons_ETH,Pons Asinorum,Mythic,78.27589188695318,81.26130627902282,87.01860360884315,49.225623213995306,94.47729220222794,17922.477654000002,18,0.9264675547013547,0.7625439538083877,0,88.0,4897.657463,0.037,0.19999999,0.7630899999999999,0.0455,0.1,0.031070952533437706,5.405405135135135,6,1,22.3,72345.0,7,1.0,67,57,0.8507
17,Tuteth_,tut™,Mythic,77.82273212754144,86.76191197254188,75.7198542680907,68.3217422112771,70.15770219497726,10126.569162,9,0.932311532505799,0.8702577178775394,2,254.0,2474.71491,0.0069,nan,0.20589000000000002,0.008,0.034,-0.0042258031085368785,nan,19,1,92.6,25098.0,4,4.0,91,84,0.9231
18,Cryptowithkhan,Crypto with Khan ( SFZ ),Mythic,77.68105897570581,79.71325459317585,62.8074003557905,79.51516506749066,94.60582690659811,8950.941226,18,0.9138817291027989,0.6143103937607297,1,829.0,1724.777521,0.0088,0.15,0.47913900000000004,0.0055,0.045,-0.00807679330152676,17.045454545454543,4,4,93.6,77892.0,7,1.0,101,87,0.8614
19,monitalan,MonicaTalan,Mythic,77.62954533724663,86.2862406622249,73.58881403982357,73.29742931487118,67.05573132951025,5275.428455,8,0.9873447884417388,0.7698466620309514,2,414.0,2102.415708,0.009,0.03,0.07652344,0.006,0.013,0.00472114322316563,3.3333333333333335,8,1,98.5,13564.0,5,3.0,88,82,0.9318
20,camolNFT,camol,Mythic,77.56696836989255,74.3805269533616,78.58659127894867,73.10881560300166,90.30897765473601,9697.200521,11,0.9018061798351351,0.7068761289412926,0,47.0,6091.253603,0.01469,0.022,0.42688,0.01,0.019,0.000538529738666567,1.4976174268209665,4,1,94.4,70161.0,6,4.0,86,79,0.9186
21,FogoNPC,Fogo,Mythic,77.19422690548167,79.75075711689885,72.59338541484226,84.43932811374671,68.3847472150814,8624.315318,10,0.9114459381539488,0.6389813580688094,3,1422.0,1443.346582,0.0071,0.029,0.09845339999999,0.005,0.009,0.001568431413356278,4.084507042253521,8,8,98.2,10060.0,7,6.0,82,72,0.878
22,Gyokeres_eth,Gyo,Mythic,77.14954226051823,82.74121744397334,61.036007024784666,91.36484445786772,70.14056423439457,5666.837775000001,8,0.9744234638323999,0.6358554259850047,2,344.0,2192.919747,0.0053,nan,0.07618999998999999,0.00648999999,0.01,-0.00027828744937685295,nan,5,5,99.0,17029.0,5,12.0,86,79,0.9186
23,MagicMikeEditss,MagicMike (dream/acc) bearishaf,Mythic,76.71735198289056,71.85246315364425,90.1890439889654,83.47264944357968,58.23050556983719,7062.020332000001,11,0.8824893191033891,0.3879062273140251,2,1013.0,1612.201617,0.0089,0.057,0.23837999999999998,0.008,0.019,0.004994891356653948,6.404494382022472,18,2,99.7,6026.0,7,2.0,97,89,0.9175
24,banditxbt,banditxbt,Mythic,76.23981991443154,78.54845548152636,66.77104749968092,78.68205631577723,82.60843055830203,7567.15563,7,0.9607202676452713,0.7345393195139954,0,69.0,5586.939235,0.0098999999999,0.115,0.44339,0.03,0.08,-0.0402326680097945,11.616161616278953,3,1,98.7,46197.0,5,7.0,86,81,0.9419
25,pawnie_,Pawnie,Mythic,75.89042136080577,69.61674742580254,86.04773661683899,77.7071416955138,73.26906598114824,4860.41186,17,0.8634380056404283,0.5515821622865996,1,3343.0,1031.172716,0.02299959999,0.048,0.10762999999999999,0.023,0.0025,0.0024809336732323404,2.0869928181737913,10,9,96.7,12168.0,7,10.0,98,85,0.8673
26,Xeer,Xeer,Mythic,75.33187548145823,73.62537855844943,81.95995738411112,74.32408289385033,70.17945422187069,9249.175916000002,4,0.9465272415015799,0.8059755457956053,0,21.0,7619.101558,0.019,0.065,0.6877999999800001,0.01889999999,0.045,-0.017275113893409796,3.421052631578948,17,1,95.1,62037.0,3,4.0,96,80,0.8333
27,R2D2zen,R2D2,Mythic,75.22871297361638,70.51938219261054,84.70276156793481,83.35614385614386,61.16027288906466,4658.106921,6,0.902174255956119,0.7079847008105699,1,529.0,1999.468014,0.006,0.1,0.24177,0.007,0.027,0.0024119737046316,16.666666666666668,13,2,98.2,14063.0,4,7.0,93,83,0.8925
28,FFVV1211,FFV,Mythic,75.200581513909,80.67479305471431,69.4101346514515,63.42790349185698,85.9503328719267,7461.451865999999,5,0.984639341807814,0.8819187952121486,0,59.0,5832.770132,0.00399,nan,0.10758999999999999,0.005,0.018,0.0009428664134340493,nan,9,1,74.4,70731.0,5,16.0,86,80,0.9302
29,Tma_420,T.M.A,Mythic,75.1033219783621,84.34231778719968,73.44916674605336,71.62089654531515,57.86615911937248,10636.278895000001,6,0.9838416257656261,0.9056550220900252,0,43.0,6318.626589,0.0074,nan,0.29929899,0.01,0.035,-0.008206764552637427,nan,11,1,91.8,48895.0,2,1.0,76,70,0.9211
30,HarrietPJones,🜲 Harriet,Mythic,74.8109648892065,76.28311124570966,80.11420763679249,87.14016216341797,45.60757366027289,12746.335169999998,8,0.911265440701073,0.5447895913007667,1,340.0,2194.982189,0.0169,0.028,0.22929999999999998,0.015,0.0299,-0.006622953016010036,1.656804733727811,16,11,94.9,6814.0,4,1.0,82,72,0.878
31,oxtochi,tochi,Mythic,73.94098812230649,76.57566121542499,69.99106634046692,69.3128325163209,79.66927031837056,8734.066121000002,8,0.9338411379777454,0.7211951662136665,0,77.0,5478.801338,0.0033,0.023,0.12140000000000004,0.005,0.023,-0.00040930619054352027,6.96969696969697,14,1,87.7,71394.0,4,1.0,88,75,0.8523
32,zaddyfi,Zaddy,Mythic,73.88488455265477,84.10685443165757,58.839373020881865,70.13962200590107,76.69583415727375,6592.2744619999985,8,0.9657081656152806,0.6808674228087572,2,469.0,2045.110814,0.004,0.027,0.1375,0.007,0.029,-0.006486693854305671,6.75,7,1,97.2,24983.0,5,6.0,95,90,0.9474
33,swankyjohnx,Swanky,Mythic,73.84121274609916,76.21168988491823,82.43362728331911,56.37882466370839,76.48243359040275,5524.978795000001,21,0.89615735845993,0.5495739250773024,5,9289.0,552.698968,0.011,0.022,0.13995000000000002,0.009,0.02,0.00716895474307567,2.0,8,1,98.5,14759.0,7,8.0,81,77,0.9506
34,mariannehere,Marianne,Mythic,73.73189416665852,88.18241469816272,57.98073909869487,77.28670747856793,56.70934678004087,10217.690975,6,0.9917261668958535,0.8239006608996823,1,158.0,3285.172675,nan,0.0149499,0.32146,0.011,0.033,0.0005586248891860891,nan,7,1,98.7,42517.0,2,2.0,85,74,0.8706
35,walsxbt,Wals,Mythic,73.52765564682754,69.70845951948314,72.31916823812952,75.77832632483795,82.7254300968954,10510.243000000002,13,0.8675827294075407,0.5888926036118438,0,176.0,2985.522687,0.0244,0.2,0.73479,0.018,0.1,-0.035729366970190406,8.19672131147541,7,1,98.2,30025.0,6,1.0,78,66,0.8462
36,MadMaxx_eth,"MadMaxx (∎, ∆)",Mythic,72.81777825465102,76.93433272763981,56.88959759554286,85.5474467393072,71.41437611231956,6211.078045999998,9,0.9212295693182304,0.5323290916925701,4,909.0,1681.637971,0.003,0.007,0.09286,0.0096,0.0084,-0.0029559527830573646,2.3333333333333335,8,7,98.0,13559.0,6,10.0,87,76,0.8736
37,tdkimber,💎tdk💎,Mythic,72.68853069033831,79.23334342822531,60.58945310595825,89.8493192853658,52.519774569903106,5278.356318000001,11,0.9151760832484687,0.7774027931694637,1,492.0,2024.155764,0.00699,0.029,0.14419300000000002,0.003,0.01,-0.0017307961050407408,4.148783977110158,7,6,98.7,5255.0,6,1.0,83,69,0.8313
38,Carlitoswa_y,Carlitosway,Mythic,72.62019520599951,69.58812840702605,67.10594736660217,92.32414678344912,63.6241842989915,3683.9719950000003,6,0.9094868307945493,0.7154035839897676,1,257.0,2461.256136,0.005,0.022,0.32539,0.01,0.022,-0.001988744478059226,4.3999999999999995,7,5,99.0,31206.0,3,56.0,82,76,0.9268
39,shivst3r,Shiv,Mythic,72.3324043685694,71.93337371290127,68.42747401956932,69.24419766280232,84.022312306374,11707.695404999997,7,0.9052842260887699,0.6581062307463679,0,75.0,5529.480653,0.00599,0.022,0.133,0.006,0.019,-0.004854933239137335,3.672787979966611,12,1,87.5,51585.0,5,5.0,96,85,0.8854
40,icobeast,IcoBeast.eth🦇🔊,Legendary,71.7051836348606,74.6715122148193,70.88739987486262,61.303696303696306,79.02659679651967,10629.545276,7,0.9129971470767971,0.7606422553827886,0,13.0,8547.887547,0.0199,0.085,2.14892999998998,0.06,0.2,-0.024656289459854524,4.2713567839195985,5,1,65.2,68934.0,4,12.0,74,60,0.8108
41,jgonzalezferrer,Javi🥥.eth,Legendary,71.5343438850554,63.43423177871996,58.95930054699111,93.0269846432637,85.43619405444599,4213.401935000001,5,0.8957431581248313,0.7272367231152412,0,185.0,2867.82134,0.0049,1.0,0.082099,0.0069,0.012,-0.0014236635203470494,204.08163265306123,7,7,98.2,63195.0,5,30.0,89,75,0.8427
42,ripchillpill,Chill Pill 🔮 (Bald),Legendary,71.50891666123704,64.55067635776297,79.37212758583782,68.22290500197477,81.34022147518291,3785.5953759999998,7,0.9149315330793376,0.5647950808131393,0,672.0,1862.82243,0.008,0.4,0.35380000000000006,0.015,0.04,-0.0051964160657445545,50.0,18,1,96.9,98696.0,4,52.0,96,85,0.8854
43,RajPatel,Raj,Legendary,71.05966169993675,79.73879466989703,65.9500426604835,72.42941360964618,54.60500296618548,7811.977293999999,9,0.9470944960182391,0.7652123765870955,0,222.0,2627.74558,0.0099,nan,0.06419,0.01,0.01,-0.0004909651078256538,nan,7,1,96.7,10248.0,4,6.0,85,80,0.9412
44,amit0xic,t0xic 🧪,Legendary,71.05877674571676,81.83398950131233,65.73346341513903,60.9860430267407,64.63070990705953,6050.593609000001,8,0.9482893388203586,0.7641078691347721,1,217.0,2654.633174,0.0034,nan,0.08350999999999999,0.0042,0.012,0.004598770669958793,nan,9,1,74.4,17877.0,4,26.0,78,74,0.9487
45,Deebs_DeFi,Deebs DeFi 🛰,Legendary,71.05098467174776,74.26009489198464,67.81923004447812,63.46195664800316,77.99831916155824,5046.065181000001,9,0.93614863965604,0.6867252229679716,0,967.0,1644.486621,0.008,0.048,0.12447899999999998,0.0039,0.011,-3.0222256205738096e-05,6.0,6,1,94.6,53028.0,4,11.0,86,78,0.907
46,RealDuckMaster,duckmaster.eth,Legendary,70.78575415742338,59.81056935190793,79.80397588872462,85.21202053760193,65.78752224639115,3439.867927,5,0.8836366388712248,0.7289882759375816,0,1160.0,1545.187538,0.0148,nan,0.14360000000000003,0.01,0.015,0.0006611870922624006,nan,7,5,98.7,19470.0,4,29.0,88,80,0.9091
47,Senti__23,Senti 🪄,Legendary,70.50693976123641,70.57147183525137,71.1836890815366,83.46291499198476,51.93230505569837,4566.7375090000005,6,0.9073217322900448,0.6139760107281691,2,1505.0,1418.387519,0.03,0.035,0.11810000000000001,0.005,0.009,-0.0018089549837830515,1.1666666666666667,10,4,98.7,2728.0,7,13.0,87,79,0.908
48,EricCLFung,EricF,Legendary,69.34426556679092,79.52670098929941,60.06744595409702,54.39558697116837,77.5840419220882,7153.421015999998,19,0.8792953046990517,0.7542115616099265,5,509.0,2010.614482,0.002,nan,0.17859899,0.01,0.025,-0.0005645563274972572,nan,6,1,65.7,19829.0,6,4.0,89,68,0.764
49,TheCryptoProfes,The Crypto Professor,Legendary,69.2907433798285,89.05153442358166,45.15581801496985,69.00778872290502,57.1974490804825,7410.195874,11,0.9784166248738504,0.7214230151977497,3,523.0,2003.973882,0.0075,nan,0.06476899999990998,0.0021,0.00999999999991,-0.0018918340794523785,nan,3,1,96.9,18895.0,3,1.0,84,78,0.9286
50,RiddlerNFT,RIDDLΞR,Legendary,69.21408379251831,66.32248132444983,51.78520398675315,88.47284692052133,80.29480587963879,3765.4685810000005,12,0.8671335500792283,0.5375330369928025,1,376.0,2143.392675,0.0073,0.02899,0.048688999999999996,0.00299,0.007,7.60837977856956e-05,3.9712328767123286,6,6,97.4,35779.0,5,55.0,84,75,0.8929
51,huseyin1tekin,Sennin,Legendary,69.14084207999343,67.43630123157683,73.92427168168896,67.91250029040727,67.35169072572671,3088.2768980000005,3,0.9920012381790193,0.8412217701702515,0,1957.0,1278.704912,0.0039499,nan,0.09988799999999999,0.0069,0.0133,0.0005867087740915133,nan,13,1,99.2,44231.0,3,22.0,93,88,0.9462
52,beausecurity,Beau,Legendary,69.11964038242107,67.00817686250757,65.96887923818078,89.28796784610738,53.110375057675824,4782.8622110000015,3,0.9544659895866099,0.6085817446851656,1,103.0,4451.614239,0.0054,0.015,0.11181,0.008,0.025,-0.006325899920435066,2.7777777777777777,10,4,95.7,30693.0,2,103.0,89,79,0.8876
53,CryptoUsopp,Usopp,Legendary,68.70054048769268,75.98929941449626,53.037015910815796,63.175109773946986,82.73696526267221,4061.1876240000006,6,0.9569482646827724,0.9096808419924177,0,286.0,2331.259736,0.0059,0.025,0.053099999999999994,0.0059,0.01,-0.0017318314430076385,4.237288135593221,8,1,83.4,46794.0,5,3.0,77,67,0.8701
54,johnjassper,JASSP3R ♞,Legendary,68.66693527665612,83.53280839895014,50.53917517858919,65.27696721882768,63.75749785775493,6682.138954999999,16,0.9405156224413515,0.6279926719931033,3,449.0,2072.995144,0.0016,0.012,0.067159,0.00299,0.00579,-0.0008074542051621613,7.5,15,1,90.5,8034.0,7,16.0,87,80,0.9195
55,TheAntAcademy,The Ant Academy 🎓,Legendary,67.88183924935842,74.18700787401575,57.73916079935948,81.45800130102455,49.870970931382246,3830.786279,8,0.904703061649304,0.8282718842635274,1,777.0,1769.655455,0.002999,0.01199999999999,0.0648789,0.005,0.0069,-0.0009997921128373087,4.001333777922641,13,2,98.0,12022.0,3,8.0,95,90,0.9474
56,KierianV,Kierian,Legendary,67.80306619564789,72.73314153038561,61.276132491410365,82.61595962177358,45.78389690857557,4925.318668999999,5,0.937505031393766,0.8667772273221444,0,495.0,2023.548888,0.00489,0.019,0.06215999999996,0.00668,0.019,-0.00073587984529858,3.8854805725971366,10,2,97.4,17808.0,2,18.0,90,86,0.9556
57,man_versus_coin,Man Versus Coin,Legendary,67.75228665253259,70.27225923682616,62.32933253794486,83.61464698092604,48.92080284753806,5551.622647,10,0.8740791212585665,0.44281823502664236,5,2296.0,1206.782114,0.0075,nan,0.086549,0.01,0.0069,-0.001597285330255681,nan,5,6,99.2,3109.0,6,7.0,95,83,0.8737
58,thegaboeth,THΞGABO🍌,Legendary,67.75063096803677,54.309357964869776,85.02832026774716,77.26818530306903,62.10780436358842,1857.317012,2,0.9770714088980086,0.8297032670199667,0,1326.0,1479.997606,0.0169,0.01989999999,0.603086,0.014,0.05,0.003361723504371226,1.1775147923076925,7,4,93.1,91444.0,2,1046.0,77,68,0.8831
59,Rakermoon,Moonraker,Legendary,67.52692929385456,76.18635170603675,52.718683112274384,64.99019585066097,72.49785775492717,4918.837946,16,0.888902688614467,0.7035209409682021,3,2637.0,1141.842843,0.003999,nan,0.05757,0.001999,0.009,-0.00025038165635436576,nan,12,1,98.7,11818.0,7,13.0,86,81,0.9419
60,zubic_eth,zubic,Legendary,67.50549858033752,64.53679588128408,79.45715627749567,69.20327347071533,53.238909762046006,4009.009603,2,0.9902049384283005,0.8322445360974016,0,148.0,3426.789147,0.0055,0.07,0.2061,0.01,0.055,0.0024523874376869465,12.727272727272728,8,1,90.0,30855.0,2,148.0,103,95,0.9223
61,zaimiri,zaimiri ✏️,Legendary,67.47666823957215,69.21290127195638,62.575381977436784,57.14317078270567,84.7935205325951,3563.4945850000004,7,0.9066747463792907,0.6604445466996859,1,585.0,1931.970317,0.007,nan,0.06059999999999001,0.005,0.008,0.0015808543562642367,nan,6,1,77.0,55712.0,5,38.0,85,82,0.9647
62,CryptoGorilla,Gorilla,Legendary,67.14490061560842,67.42862911366848,79.84464226619853,52.93817229282345,64.16435963351131,7907.520313,4,0.9019324129839936,0.8055376441430393,0,24.0,7389.636118,0.01,0.029,0.319,0.007,0.039,0.006722695336973909,2.9,6,1,32.2,167380.0,2,24.0,81,61,0.7531
63,Crypto_Zh0u,Zh0u,Legendary,67.07450455509448,78.8536240662225,45.10002256978379,72.02610761331691,65.68551842330763,6261.868103999999,4,0.9981941766558853,0.9093048156585379,0,436.0,2080.949545,0.00379,0.15,0.047274000000000004,0.004,0.01,-0.0015108375276933436,39.577836411609496,9,2,78.5,8932.0,7,8.0,85,76,0.8941
64,heycape_,Cape 👊,Legendary,67.0388472333553,69.31940238239451,59.928231480941115,69.58895755407383,69.4082459956496,4128.702056,4,0.9539312636037345,0.8015473643422226,0,225.0,2623.224437,0.004,0.0149,0.07950000000000002,0.003,0.014,-0.0010176396919637076,3.725,12,1,93.6,52959.0,3,20.0,83,79,0.9518
65,Defi_Scribbler,Scribbler,Legendary,67.03784955720494,70.9486169997981,62.9195478041511,58.37391678089353,75.02488300046141,3154.6955349999994,7,0.9453956352735409,0.5835451215151206,1,4110.0,934.346514,0.006,nan,0.06307,0.007,nan,0.0014721114690826906,nan,4,1,96.4,22853.0,5,17.0,84,80,0.9524
66,AInvestor_11,AInvestor,Legendary,66.41540426497633,80.54179285281649,53.53914205246066,63.774249006807146,53.727012062487645,4777.708035,6,0.9871983130328609,0.933348101375279,0,385.0,2134.067119,0.0039,0.012,0.10624800000000002,0.0056,0.01,-0.0020611758478242983,3.076923076923077,4,1,86.2,15145.0,3,15.0,83,73,0.8795
67,Aurelius_1988,Aurelius 🐐,Legendary,66.3589184181791,74.9492731677771,65.13240595152774,58.96988476639639,55.347538066047065,6277.349549999999,9,0.8776466302686323,0.741780528850824,2,2226.0,1219.348767,0.00478,0.006949999,0.08980770000000002,0.0069,0.008,-0.0010760900068367881,1.4539746861924685,10,1,93.1,6316.0,6,7.0,94,81,0.8617
68,WithEsibe,Esibe,Legendary,66.32662046436644,69.65414900060568,76.89297467632602,55.66194270845433,54.06219102234526,2612.2762049999997,7,0.9197670796288407,0.7907245782991728,1,13116.0,395.765358,0.009799999,0.0219,0.16453689999999,0.0069,0.012,-0.0030719337001959817,2.234694105581031,24,2,84.7,5859.0,6,12.0,105,92,0.8762
69,flb_xyz,FLB,Legendary,66.22164098302272,83.70139309509388,57.23930063722832,35.60707896754408,75.39895194779514,5561.807204000001,10,0.9404844197333828,0.7648000227278275,3,510.0,2010.483282,0.00299,0.06,0.06523989999999,0.0095,0.0065,-0.0022418488787965822,20.06688963210702,12,1,0.3,17714.0,6,29.0,88,74,0.8409
70,R3birth,R3birth,Legendary,66.19707027586793,69.68857258227337,67.9530440299317,59.23438189717259,63.243359040274214,3324.9662660000004,14,0.8943530324730509,0.5488242215117511,2,6400.0,730.840575,0.013,nan,0.127162,0.005,0.01,-0.0016365910210345822,nan,8,1,98.7,7617.0,7,7.0,99,88,0.8889
71,KaruptKP,KaruptKP,Legendary,66.06276865047587,68.35296789824349,70.32150013471798,65.44859210556886,53.67658690923472,4531.182775,9,0.8543483809726666,0.5937336272763046,2,2093.0,1247.128637,0.003,0.008,0.12160000000000001,0.0035,0.01,0.001003956185668417,2.6666666666666665,13,1,98.5,5747.0,6,15.0,83,76,0.9157
72,NDIDI_GRAM,HEADBOY 🦇🔊,Legendary,65.85369194911408,64.18231374924288,62.613696366357686,66.33888204818437,75.06377298793751,6435.718614000001,3,0.9181544030696193,0.7760459159203585,0,45.0,6259.611627,0.0015,0.0088,0.10350999999999999,0.00326,0.019,0.0005022477437166853,5.866666666666667,18,1,81.1,198557.0,3,45.0,87,80,0.9195
73,Meta_ZET,ZET 💪❤️,Legendary,65.6776791374859,50.69321623258631,82.9953793875167,77.94604232976326,60.415595544130255,1662.0667640000001,7,0.8315779470932938,0.511025499903014,1,5845.0,770.486609,0.00798,0.025,0.10249089999999998,0.00797,0.0069,0.004274242819976112,3.132832080200502,13,6,99.2,6842.0,7,21.0,83,73,0.8795
74,craigscoinpurse,craigscoinpurse,Legendary,65.1854957166917,57.72016959418534,65.89774854390762,75.68947912552562,69.9006327862369,1811.2875999999999,3,0.9589257099905196,0.8615206949027353,0,2565.0,1155.483975,0.00788,nan,0.12549999999999997,0.03,0.04,-0.004440609707725707,nan,6,3,95.9,24909.0,4,273.0,77,68,0.8831
75,MtroX207,MtroX.,Legendary,64.83344429660339,64.35826771653542,47.40698838116536,78.25171921102154,77.25364181662383,4215.648673,14,0.828572594262682,0.409779283262735,1,1445.0,1436.644614,0.00396,0.007,0.052429989989999995,0.004,0.0055,-0.0016004909424399665,1.7676767676767677,9,2,97.7,16344.0,7,50.0,77,71,0.9221
76,gomtu_xyz,Gomtu,Legendary,64.72823106857076,75.26801938219262,50.56623797882284,69.79486211462957,53.46994265374728,5361.84219,4,0.9947347422023443,0.781433931738681,0,239.0,2544.458474,0.003,0.0077,0.05991899999999999,0.0029,0.0115,-0.0009468653716632672,2.566666666666667,11,1,94.4,14859.0,3,12.0,82,77,0.939
77,xerocooleth,xero 🎮,Legendary,64.67598618464116,66.99576014536646,61.278082685845185,59.52960992495876,71.01492980027685,4936.621420999999,7,0.9125399911329913,0.5689195953768493,0,221.0,2633.644668,0.0068,0.025,0.10288300000000003,0.005,0.015,-0.00317624620958274,3.6764705882352944,8,1,70.6,71170.0,3,25.0,65,59,0.9077
78,viiibe,viiibe,Legendary,64.63425543192005,76.49192408641228,57.36828165731367,49.42563831517319,65.4019181332806,3127.2212310000004,6,0.9805750236442385,0.7392740388895856,1,5324.0,814.759566,0.005,0.008,0.113,0.0032,0.019,-0.0008395757120533266,1.6,4,1,85.2,18637.0,4,26.0,95,89,0.9368
79,MedusaOnchain,Medusa,Legendary,64.61470704746536,60.89683020391682,77.59354199285279,75.54128429709826,38.328884055105135,2028.1267910000001,3,0.9863416261555488,0.826864753084568,0,1096.0,1575.084161,0.0119999999,0.025,0.335004,0.016,0.05,-0.0038508036615627363,2.0833333506944447,11,2,94.4,11296.0,2,84.0,87,76,0.8736
80,Jackkk,Jack,Legendary,64.55179287615722,59.978800726832226,65.74720860915356,79.72415956136886,54.52425680574781,3447.765191,3,0.9477186034933552,0.6527821617409307,0,153.0,3319.68552,0.0068,0.049,0.7386299999998801,0.0052,0.039,-0.0036264708402438525,7.2058823529411775,7,2,86.2,33261.0,2,20.0,92,79,0.8587
81,katexbt,katexbt.hl,Legendary,64.3148059995819,77.19250959014738,49.81288318449956,65.76493274167693,52.210632127084565,4992.853061,4,0.9895040450478657,0.9293613251088306,0,160.0,3257.38802,0.004999999,nan,0.096699,0.004,nan,-0.015432728176015854,nan,2,2,44.2,29110.0,2,81.0,74,59,0.7973
82,scottybmitch,Scotty,Legendary,64.19729996089907,45.4934887946699,91.63908262364762,63.42365192946589,69.3693560081735,1097.212016,5,0.8451866545601023,0.6015713626149319,1,33917.0,79.842427,0.07,0.147,0.422599999,0.02,0.035,0.008389425777616064,2.0999999999999996,10,4,97.4,16421.0,5,47.0,85,77,0.9059
83,anytwocardzz,cardzz,Legendary,64.15248604457891,72.65616797900262,41.06786978170736,76.3170318054039,63.73096697646826,3710.4760070000007,4,0.9909746573813827,0.825239706410032,0,739.0,1799.127418,0.0011,0.012,0.069649,0.0025,0.0111,-0.0010073448093951586,10.909090909090908,11,2,92.8,17114.0,4,84.0,100,90,0.9
84,Febers4,Tat Thang,Legendary,64.13247623374454,79.03285887341005,48.718379047734004,59.31177543386846,56.51588557115549,4857.190696,8,0.9310979866930251,0.7477914999636242,2,888.0,1694.834204,0.00299,nan,0.056784799799989995,0.0025,0.0069,-0.00044648402222039916,nan,10,1,85.9,8406.0,5,3.0,92,84,0.913
85,GMB_AOB,GMB,Legendary,63.901389595538305,60.612406622249146,73.44948904505216,73.03580140789444,44.57929602531145,3334.7914390000005,5,0.8820241369094729,0.45792386896791326,2,442.0,2077.731556,0.008998,0.025,0.30448999,0.00929,0.06,-0.016871993657575374,2.778395198933096,11,1,98.5,6434.0,4,18.0,74,66,0.8919
86,merheb,merheb (streamer arc),Legendary,63.870071646424755,70.82636785786391,66.99286907095829,49.93945589294427,58.689440379671744,2731.31655,7,0.9122044194586242,0.8104245976750554,2,6005.0,758.860598,0.006,0.04,0.053200000000000004,0.00689,0.007,0.0022713734733921533,6.666666666666667,10,1,86.7,7380.0,6,19.0,78,77,0.9872
87,CrypSaf,SafZ,Legendary,63.69347597476748,62.73425196850393,66.34101220681123,69.56502218711522,54.01011798826709,3806.6135839999997,2,0.9873535867910856,0.7929244884450859,0,156.0,3294.299885,0.018,1.0,0.10559900000000003,0.008,0.022,-0.0029721851993395007,55.55555555555556,7,1,91.0,32693.0,2,156.0,87,76,0.8736
88,Rempo1,Rempo,Legendary,63.518208963140275,72.44765798505955,41.614951335814524,68.1352658968938,70.05569837189375,4043.5915400000004,17,0.8890401038680935,0.6150727513118409,2,917.0,1677.528835,0.00489999,0.0069,0.036377980000000004,0.00144899,0.0029,-0.000509641932010693,1.4081661391145697,12,3,72.9,10632.0,7,14.0,92,85,0.9239
89,ilodiwow,ilodi wow,Legendary,63.35360973588155,64.7450030284676,46.88031674859696,81.90399135747973,62.364873772328785,2901.500194,4,0.9771964281379015,0.655327342403095,0,322.0,2234.299446,0.0055,0.03,0.048967000000000004,0.0055,0.01,-0.002122941121953641,5.454545454545455,6,3,91.8,91992.0,2,112.0,88,80,0.9091
90,PhinTotten,Phin,Legendary,63.291232032230106,70.65122148193015,50.16559908850078,65.40338731036405,62.724441368400235,4045.715388,4,0.9597131007658826,0.8353491781117481,0,157.0,3288.056055,0.002329,0.05,0.11320000000000001,0.0048,0.014,-0.001316375404960954,21.468441391155004,5,3,31.5,29676.0,3,137.0,75,67,0.8933
91,MINHxDYNASTY,۟,Legendary,63.23027817819801,63.51877649909145,64.97651570522709,54.63199591106567,71.01492980027685,6051.303766999999,4,0.9052203734252049,0.6839211897158368,0,58.0,5859.320078,0.012,0.5,0.4070000000000001,0.0069,0.04,-0.019986579238709404,41.666666666666664,5,1,43.2,71170.0,3,24.0,70,57,0.8143
92,BawsaXBT,BAWSA,Legendary,62.99970031079709,74.06374924288309,51.115718034123475,54.776212159933095,64.2668578208424,4929.004436,8,0.9085048365236984,0.6359750714755985,2,305.0,2275.843347,0.005,0.1,0.07310000000000001,0.005,0.012,-0.0040273556696173414,20.0,5,1,58.6,32829.0,3,4.0,96,90,0.9375
93,dazzlercoin,bewise,Legendary,62.86585025661369,78.72138098122349,34.10546807400295,58.46799711915991,74.38220947861052,5997.257856,10,0.9399169583545893,0.8074600572076911,0,471.0,2042.9834,0.00369,0.015,0.027500000000000004,0.0016,0.0069,0.0021125174996946723,4.0650406504065035,3,1,77.2,21049.0,5,7.0,76,72,0.9474
94,itskkoma,itskkoma,Legendary,62.708120226692486,85.31208358570564,37.790211734776264,55.68892735171805,53.31965592248369,6350.098981,8,0.9549850926044233,0.8797651443267585,1,363.0,2165.006375,0.00399,0.02,0.04920000000000001,0.0022,0.0081,-0.003248893419233361,5.012531328320803,8,1,64.7,9993.0,4,4.0,78,71,0.9103
95,xxCJ78xx,CJ78,Legendary,62.57808714062511,66.10685443165758,58.87675375186698,67.88375577910462,52.26270516116274,2919.0983020000012,12,0.887686535237089,0.44079744885652805,5,15760.0,326.249106,0.0085,0.049,0.0421,0.009,0.004,0.0016394876010126784,5.764705882352941,5,14,96.4,5156.0,6,9.0,94,74,0.7872
96,0xxNathan,Nathan,Legendary,62.544994306501046,63.78205128205128,54.78623904772006,78.38770531793789,51.05381978775295,3295.817879,3,0.9698387836657294,0.7500189377251026,0,521.0,2005.347849,0.00269,0.008,0.10432699999999999,0.003,0.012,-0.01147479032351154,2.973977695167286,14,2,93.6,24547.0,2,140.0,92,85,0.9239
97,what3verman,✨whateverman✨🎙️,Legendary,62.54332842313602,60.571118514031895,73.81442269570968,63.02115326533931,48.380297936853204,2983.995649,2,0.9883625844579615,0.8133776445020613,0,260.0,2453.894942,0.0055,0.015999,0.27492900000000003,0.0053,0.029,0.0027247040392119402,2.908909090909091,6,1,82.4,49650.0,1,260.0,107,102,0.9533
98,SHADOW_NFT15,SHΔDOW,Legendary,62.4978441224696,68.6986169997981,51.08659415465006,49.864478544711105,81.82568716630414,2626.343667,8,0.9163231008703425,0.9264850584267434,0,1255.0,1503.247522,0.0017,0.049,0.086447,0.0024,nan,-0.000236850708697618,28.82352941176471,10,1,64.5,26649.0,6,24.0,92,85,0.9239
99,AshleyDCan,Ashley,Legendary,62.489101716045056,57.12295578437311,67.57510020297013,65.22184791952233,64.67849845099202,3774.42895,3,0.9377507947970235,0.5203962015621678,0,139.0,3613.419054,0.02,0.019,0.08149899999999999,0.0069,0.015,-7.8072506828473e-05,0.95,3,1,81.3,190710.0,2,139.0,76,69,0.9079
100,HollanderAdam,Adam Hollander,Legendary,62.342317072271,51.460882293559465,80.43547886549929,69.55022303278116,51.5936655461077,3607.088683,2,0.9331272431934163,0.5448039911014357,0,144.0,3538.284057,0.0094,0.1424,0.14909999999999998,0.012,nan,0.0023830255480546355,15.148936170212766,7,1,90.5,86975.0,1,144.0,83,74,0.8916
101,ryandcrypto,ryandcrypto,Legendary,62.33699400401434,69.38350494649706,67.25210385428153,40.05475338614873,65.06410256410257,4318.1675510000005,3,0.9587640620591543,0.9856028455577505,0,178.0,2980.187747,0.007,0.015,0.06254000000000001,0.0048,0.01,0.0018888524537838517,2.142857142857143,9,1,0.3,233956.0,2,1.0,53,49,0.9245
102,shotguncaio,shotgun,Legendary,61.74799320701841,72.36235614778923,53.011066607817696,41.56630578723602,74.91348625667392,4116.928066000001,5,0.9695262392820618,0.7499966506749154,0,494.0,2023.747254,0.004,0.019,0.058888999999980006,0.003,0.019,-0.0006117357068872091,4.75,9,1,15.1,40676.0,4,15.0,78,77,0.9872
103,vohvohh,voh,Legendary,61.72470617649103,60.9382192610539,73.88367099632919,39.44428826986966,73.264287126755,4252.992523,4,0.8909890324758382,0.7590154998474045,0,219.0,2640.091239,0.0055,0.029,0.66627999999999,0.014,0.05,-0.005066634540054884,5.272727272727273,11,1,0.3,116488.0,3,13.0,71,62,0.8732
104,MookieNFT,Mookie,Legendary,61.39969534486055,61.552745810619825,41.84195855108031,64.81416258160444,89.03516577681103,2492.07849,5,0.8853986160555831,0.7676080777683452,1,816.0,1741.223699,0.005,0.2,0.04249900000000001,0.0021,0.007,-0.0004220640678229166,40.0,6,2,66.5,150737.0,5,69.0,86,77,0.8953
105,quan_eth,Quan,Legendary,61.317008062666886,75.79906117504542,34.81293984656804,54.91287781985457,75.41048711357195,3858.1409209999997,8,0.945961258948731,0.652330828221098,1,899.0,1688.22245,0.00169999999999,0.0125,0.0426,0.003,0.0135,-0.0005177201966314579,7.352941176513841,7,1,76.2,23622.0,5,25.0,93,89,0.957
106,SALAMANDER12_,SALAMANDER,Legendary,61.18942617418507,72.10756107409651,74.96889231842104,27.050827079896848,54.626754993078904,3568.632461,5,0.9733541790921322,0.7784847012006926,0,5617.0,789.661397,0.004,0.01,0.14728999999999998,0.02,0.015,-0.0009232597488477316,2.5,13,1,9.2,16713.0,3,1.0,80,72,0.9
107,maskjiro,MaskJiro🫎,Legendary,61.16226850320709,78.07909347869976,42.11540460435515,57.908271960597546,52.13417045679256,4329.384423,8,0.9301144599877671,0.798924029643996,1,3953.0,951.448555,0.00249,0.0069,0.0584397,0.0014,0.0069,-0.00010532107121364412,2.7710843373493974,10,1,95.7,5146.0,6,16.0,71,67,0.9437
108,diegoarmandoAD,DIEGO,Legendary,61.135088483262635,75.17085604684029,28.6191258631382,76.75813721162558,57.06891437611232,3511.474361,5,0.973410024878031,0.6617145534187874,2,1740.0,1339.333991,0.00149,0.05,0.045777000000000005,0.001999,0.0095,-0.0023808711644826256,33.557046979865774,10,2,97.2,18843.0,3,6.0,98,95,0.9694
109,Dashke,Dashke,Legendary,60.609856139716975,70.6071068039572,38.99762382140467,62.57068512882467,67.35646958011996,3549.0020910000007,10,0.9172373022672382,0.4379299445386736,2,3372.0,1027.416068,0.003,nan,0.042255,0.003885,0.0042,-0.0020254937969779946,nan,8,1,98.5,9664.0,7,6.0,91,84,0.9231
110,ChrisJourdan,Captain Zwingli 🍌🎙️,Epic,60.593940271410766,59.676761558651314,55.24736746387397,64.91081012011244,66.19487838639509,2376.5169530000003,6,0.8912190649368775,0.7931443644919903,0,635.0,1897.076287,0.005,nan,0.055847,0.0069,0.005,-7.47917139380401e-05,nan,3,2,63.2,40539.0,3,54.0,72,68,0.9444
111,UxGsol,UxG,Epic,60.54646273020779,64.38522107813446,46.65324343104787,61.66111214367028,71.9789400830532,2506.826089,4,0.9783629409444283,0.7139958237775137,0,3719.0,980.251958,0.004,0.03,0.0386933999,0.0022,0.004,0.0003955032327089802,7.5,9,2,79.8,89844.0,3,5.0,84,76,0.9048
112,0xTJustin,JuStin (Creator arc),Epic,60.491757583788115,72.2038158691702,46.17537684996093,57.52666519526984,57.07369323050557,5588.554934,14,0.918438111185111,0.5667252868105533,0,1734.0,1341.056467,0.0019,0.003,0.044988,0.003,0.0055,0.0008135086007055543,1.5789473684210527,10,1,86.7,5506.0,7,4.0,79,70,0.8861
113,0xleegenz,le.hl,Epic,60.31922149229649,61.49379164142944,72.48803328409605,49.53484306391283,51.284852679454225,3087.778813,5,0.895021075597332,0.8041674685898093,0,272.0,2401.325004,0.0045,0.05,0.08928999999998,0.005,0.025,-7.631523201111365e-05,11.111111111111112,15,0,78.0,13279.0,3,54.0,93,87,0.9355
114,kaitoxbt,Kaito,Epic,60.20127967480854,59.195840904502326,55.90590719604421,63.88654949701461,65.12771076395755,2191.236198,3,0.9744931658412538,0.7599416301544263,0,1228.0,1521.189151,0.0049,0.025,0.06771899999994001,0.0023,0.004,-0.0007273407202237289,5.102040816326531,10,3,61.4,12059.0,5,98.0,89,81,0.9101
115,WEB3Eliza,Eliza,Epic,59.67513036533242,60.15859075307895,64.51112123168876,51.12791859303486,61.72220025047788,1786.009056,3,0.9797223541669204,0.9086531711427313,0,1268.0,1499.645588,0.002,nan,0.07523,0.005,0.02,0.002029556456202859,nan,13,1,68.5,88161.0,2,153.0,90,85,0.9444
116,thegreatola,Ola Ξlixir,Epic,59.5949294950379,61.10195840904503,72.12178622300775,38.45923843598263,62.879012589809506,1997.425279,4,0.9797298496272424,0.7029002994416217,0,4143.0,931.358186,0.005,0.022,0.13867999999999997,0.0069,0.02,0.0025523087023937114,4.3999999999999995,6,1,44.8,106111.0,2,51.0,74,59,0.7973
117,wilson_,WILSON,Epic,59.569477233658155,68.74167171411266,54.440241094756885,30.440966010733455,82.49703381451454,3223.8902199999993,4,0.9727672994303822,0.5920060827122757,1,2781.0,1118.93118,0.0032,0.0048,0.06968099999999999,0.01,0.0054,-0.000747379596080695,1.4999999999999998,4,1,7.2,158394.0,4,47.0,92,89,0.9674
118,crazino87,Crazino.eth,Epic,59.37685526177197,57.803704825358366,50.33083323034835,82.43527983644263,47.90406037835344,2408.4479229999997,5,0.8591009776291589,0.7009233570104186,1,957.0,1650.523563,0.0015,0.012,0.06702444,0.00489,0.03,0.0012824271269734607,8.0,7,4,97.4,5211.0,5,118.0,82,73,0.8902
119,joxiecoxie,JoxieCoxie🧦💜 (authentic chaos arc),Epic,58.89839631167598,68.57455077730667,67.52362124880926,51.325366493971146,28.817315931711818,2898.8640160000004,5,0.9425226529133838,0.6363183830041667,2,5987.0,760.110602,0.002,0.008,0.09580000000000001,0.007,0.007,0.00906710232157897,4.0,10,1,90.0,7361.0,2,12.0,102,94,0.9216
120,loshmi,Loshmi,Epic,58.86053329714569,59.09489198465577,62.77227829445419,63.290331761261996,45.8096038494496,3319.3632900000002,3,0.9256641388294526,0.7755325217036225,0,200.0,2776.15248,0.0049,0.017,0.16507000000000002,0.008,0.019,-0.0034146788990472706,3.469387755102041,7,1,80.3,40298.0,1,200.0,96,82,0.8542
121,emilios_eth,emilios.eth,Epic,58.8417436201148,68.38794669897032,70.99342386720701,44.76443324117743,31.90214883659614,3144.634665,3,0.995198409569591,0.8709687799016012,0,916.0,1677.778997,0.0054,0.015,0.15865,0.01,0.03,-0.0005026880056934055,2.7777777777777777,7,1,41.7,8783.0,2,48.0,66,57,0.8636
122,alphabatcher,Alpha Batcher,Epic,58.82679743683198,62.221936200282656,60.636385562673,35.78149757219525,77.48418034407752,3052.81847,5,0.8919758952526708,0.8681102836977264,0,507.0,2014.523609,0.004,0.00389999999999,0.06609799999998002,0.00199,0.004849,0.0003792010057598784,0.9749999999975,16,1,0.3,51862.0,4,123.0,88,77,0.875
123,anda765,Anda ☀️,Epic,58.80604585007751,65.40879265091863,42.89214969153418,68.76161048254072,54.447795135455806,3063.2252959999996,5,0.9301633061665155,0.7860867709270644,0,2575.0,1153.71424,0.004,nan,0.06109,0.0025,0.01,-0.0018820006467035167,nan,6,2,88.0,5924.0,6,31.0,77,73,0.9481
124,jade_defi,Jade 💋,Epic,58.66321741759903,63.701695941853416,58.30038656076093,56.96407081290802,48.09752158723881,1854.614397,4,0.9479619409656319,0.7962507337790223,1,3115.0,1065.847234,0.005,0.011,0.07963,0.005,0.009,-0.0029627998238705264,2.1999999999999997,9,1,93.1,20148.0,2,46.0,84,75,0.8929
125,parcifap,Parci,Epic,58.56542981439683,74.00580456289117,39.97261595781142,48.28844411402551,62.08176784654934,3506.486642,5,0.9827556702797595,0.8426479638984385,0,4451.0,898.959672,0.001599,0.0053,0.107079,0.0015,0.005,-0.0010210419722676233,3.314571607254534,8,1,80.6,25962.0,3,3.0,89,86,0.9663
126,m00des,andrazmode,Epic,58.105970152318996,67.59322632747828,37.94805445764234,62.638036382222424,60.36039153648408,2892.594936,5,0.9484700498739731,0.8085667476452558,0,1502.0,1419.342856,0.002,0.022,0.0702693,0.002,0.01,-0.003467116064846295,11.0,8,1,95.1,8145.0,6,26.0,77,72,0.9351
127,Shivfreespirit,Shiv ✍,Epic,57.99332001200262,69.52402584292348,46.510564981778856,48.25975187603095,59.36078702788214,4010.1764290000006,7,0.8908671924887807,0.6596094292057302,2,929.0,1667.271185,0.00169,0.35,0.07098989999,0.0027899,0.012,-0.002683968297591106,207.1005917159763,15,1,55.8,13002.0,4,36.0,87,83,0.954
128,zacxbt,zac.eth 🧙🏻‍♂️♦️,Epic,57.83034493520107,48.83181909953564,68.22997103797383,43.2802894779639,83.89377760200382,1903.7808690000002,3,0.9374063704119834,0.4818487672180794,0,794.0,1758.051463,0.008899999,0.022,0.23708,0.00798,0.029,-0.0055406586547880055,2.4719103901022907,8,1,30.4,49969.0,5,68.0,72,58,0.8056
129,DonPudgy,Don,Epic,57.45861605306097,58.7961841308298,50.631862816189425,65.95198987059453,53.9451914837519,2728.842265,6,0.8891252077494332,0.7145565602661429,0,726.0,1811.912036,0.00447,nan,0.059849,0.0018,0.0055,-0.00016616452314705977,nan,9,1,95.1,7293.0,5,66.0,91,85,0.9341
130,AndrewAsksHow,Andrew Forte,Epic,57.17359555667465,58.88693720977186,45.6117286746848,55.37633296935623,74.27081273482301,1847.08743,6,0.9068203049900377,0.8092257976895803,0,1954.0,1280.405571,0.002499,0.0349,0.0804,0.003,0.009,-0.0035456114738452397,13.965586234493799,8,1,84.4,38416.0,4,116.0,90,87,0.9667
131,austiinxbt,awestin.eth,Epic,57.145323077450676,68.75060569351908,41.59342470977036,69.24170596845016,35.98922285940281,2941.50676,5,0.945643217689522,0.882686323154406,0,455.0,2061.92968,0.00104,0.012,0.05659299999999999,0.0024,0.0055,0.00023507799203162355,11.53846153846154,11,1,96.2,6404.0,3,32.0,89,80,0.8989
132,juliadziesinska,Julia,Epic,56.737132473491975,52.92570159499294,69.55070681885194,47.59265734265735,57.73762441500231,1083.41284,3,0.961013742690246,0.9070034401265993,0,5115.0,834.54349,0.00413,0.011,0.10597999999999,0.0034,0.01,-2.415884987080007e-05,2.6634382566585955,12,1,80.3,48713.0,2,56.0,110,107,0.9727
133,ethmaxi,big daddy brando,Epic,56.264202818821474,52.347163335352306,67.54855837087113,36.567966916804124,74.16403005734625,2047.4818119999998,3,0.9483221693769348,0.5780408269810777,0,685.0,1855.279045,0.00229,0.022,0.11437,0.00448,0.05,0.002523300169897958,9.606986899563319,11,1,4.9,164606.0,3,362.0,94,86,0.9149
134,cryptodaaddy,Crypto Daddy ֎,Epic,56.10707135106539,64.09241873611953,45.204856269300606,35.63199591106568,80.28327071386198,2064.58674,9,0.9177744696209219,0.5760439670757743,1,2994.0,1085.50838,0.0038,2.2,0.049428,0.003888,0.0065,-0.0007586009075083331,578.9473684210527,7,1,26.3,24193.0,6,50.0,79,74,0.9367
135,HelloBenWhite,Benjamin,Epic,56.041522829187066,60.26115485564304,43.53881370572544,49.2823281369793,74.63927888735087,2276.412734,4,0.9268947577438316,0.8781080215141476,0,581.0,1945.018384,0.001198,0.0055,0.22148698,0.0015,0.0055,-0.004989119533766892,4.590984974958263,20,1,49.9,21583.0,5,28.0,86,77,0.8953
136,Crypto3Rain,Rain,Epic,55.8784266044294,63.025994346860486,40.498515708038646,58.691268034291284,58.70097554544856,2304.854964,5,0.9255438315593514,0.6681116839353004,1,3551.0,1001.814251,0.002949,0.009,0.028109,0.0028,0.0029,0.00023414950573490275,3.051881993896236,8,1,95.9,9553.0,5,73.0,71,68,0.9577
137,vikktorrrre,Veee,Epic,55.87349579036828,70.6361296184131,46.74865549531393,49.791766373161714,39.82351196361479,3027.5311789999996,5,0.9615939724710483,0.8648700905479249,0,2248.0,1215.346159,0.00399,0.033,0.050749,0.002,0.0032,-0.0009430560089617757,8.270676691729324,12,1,73.7,4689.0,4,96.0,90,86,0.9556
138,adamagb,Untamed Adam 🐺,Epic,55.866987197156966,59.200736927114875,50.534660161174216,53.93220732755616,58.44390613670819,2324.724215,5,0.8798018477563238,0.7424312201285745,1,4615.0,882.199423,0.0016,0.0055,0.07431699999989999,0.004,0.01,-0.0004090739216252594,3.4374999999999996,9,1,92.6,9305.0,5,19.0,95,84,0.8842
139,IdMintThat,Mick ➡️ ETH Denver ✈️,Epic,55.75166597320468,62.77796285079749,39.243014769548125,58.74412215691286,60.53935139410718,2075.680851,5,0.9307883494494291,0.6624484682951813,1,788.0,1762.20697,0.001,0.01,0.05067,0.0045,0.009,-0.00014720449444606865,10.0,9,1,84.1,23942.0,3,9.0,80,76,0.95
140,leiane1,Leiane.eth  ☮️,Epic,55.71091124566663,55.75550171613163,47.22634270147765,61.333370118253846,62.2363390679586,1807.096376,3,0.9689539858801722,0.4574635205576416,1,2761.0,1122.321676,0.003,0.02,0.065064,0.0035,0.0064,-0.003740299241857953,6.666666666666667,9,1,96.9,91800.0,2,14.0,88,82,0.9318
141,Kaiz_294,Kaiz,Epic,55.63295764618874,66.3844134867757,50.107928459242274,43.156912854587276,52.80551710500296,2094.025076,7,0.9183831513668892,0.7696315215286286,1,3650.0,988.936421,0.0048,0.03,0.073729,0.003,0.0055,-0.011235677961007039,6.25,8,1,60.1,9670.0,4,41.0,70,65,0.9286
142,AzFlin,AzFlin 🌎,Epic,55.60170069927749,73.01221481930142,35.319797098821866,48.483551332388544,52.46770153582492,6495.688707,3,0.9810264341810017,0.8464957763822994,0,62.0,5754.19958,0.0025,nan,0.040142460000000005,0.0032,0.005,-0.0010098171557392712,nan,6,1,17.4,29447.0,2,62.0,73,60,0.8219
143,davidonchainx,david 🔛⛓️,Epic,55.436363783472004,60.4653240460327,45.18205100234122,58.417936714448345,55.140893810559625,2741.1970180000003,2,0.9898200231581642,0.8536628809492919,0,462.0,2056.472106,0.0042,0.05,0.0553184999,0.004989,0.009,-0.0024060403276406285,11.904761904761907,6,1,76.5,17088.0,3,462.0,94,85,0.9043
144,_Craig_,Craig,Epic,55.15183208580156,59.893953159701184,52.54392214033884,53.06139790442116,49.63993803968096,1552.082358,5,0.9348448564889082,0.6494313150823585,2,10858.0,479.282852,0.00229,0.01,0.07169500000000001,0.0015,0.009,0.0023522476842320404,4.366812227074236,12,1,97.4,22205.0,2,10.0,89,83,0.9326
145,Bellerophontis2,NancyNik,Epic,55.031593639647305,69.18377750858066,29.11239991651197,65.88871593522757,46.014929800276846,2402.677713,5,0.9549100803793034,0.7474997430371417,1,918.0,1677.389424,0.00159,0.05,0.0405299,0.0027,0.01,-0.0012092486447507773,31.446540880503147,7,1,96.7,10212.0,3,74.0,83,76,0.9157
146,edoweb3,edo,Epic,55.02591918422337,68.74298405007065,50.06258834244106,58.36885788629975,22.26204600883264,2860.1914420000003,4,0.9878496685720173,0.8165403450084902,0,2008.0,1266.152239,0.0025,nan,0.07568889999992001,0.00258,0.007,-0.001908030962397867,nan,12,1,90.8,5141.0,2,82.0,88,84,0.9545
147,ZhugeLyang,LuBu (privacy szn),Epic,55.003195574037036,68.83363618009287,36.32887410253769,72.83105266826196,25.47541361808714,2386.409013,4,0.9873119119192302,0.9219731547799209,0,868.0,1708.504833,0.0012,0.003899,0.05419499999999999,0.0016,0.004,-0.0010489141070416928,3.249166666666667,18,3,82.9,6288.0,2,13.0,95,86,0.9053
148,elenionchain,Eleni,Epic,54.949465042890225,55.70921663638198,48.15592171368341,63.24064888599773,53.19112121811351,1754.20423,8,0.8843448977410837,0.7257875320475451,0,2642.0,1141.095879,0.00104,0.00999999999998,0.091259,0.0029,0.0028,0.0075801580955168904,9.615384615365386,7,1,98.0,9868.0,4,41.0,95,88,0.9263
149,SirJoey,Sir Joey,Epic,54.85182303149166,58.655208964264084,37.957783164136025,81.04400831726413,37.9432799419946,2350.560465,2,0.9863130078668955,0.884546481860077,0,750.0,1791.917381,0.00129999999999,0.009,0.04798499999999,0.0015,nan,0.006545549271408538,6.923076923130178,11,4,94.9,11122.0,2,640.0,94,83,0.883
150,cabenX,Caben,Epic,54.82575659769683,71.14824348879466,52.23325363891145,27.322195246613852,52.29137828752225,4230.34502,9,0.9019157019584768,0.6173825483902464,1,2794.0,1117.657613,0.0044,nan,0.06871000000000001,0.0012,0.006,0.00040044669935531064,nan,10,1,0.3,9584.0,4,13.0,90,83,0.9222
151,ruledout_,RuledOut xD,Epic,54.80293540192034,65.12850797496466,53.894887957343535,34.647776641962686,55.655032628040345,3109.8829419999997,4,0.930717277702614,0.8879863624034686,0,671.0,1862.964295,0.001,0.0095,0.12909900000000002,0.0018,0.0035,0.0009625058413497029,9.5,20,1,0.3,17676.0,3,58.0,86,80,0.9302
152,0xchainBob,bobby,Epic,54.69330938941498,52.935241267918435,41.63648986399191,69.58384638617197,61.28880759343484,1795.389576,2,0.9775927987895703,0.7999344528371293,0,2050.0,1256.910695,0.0035,0.01,0.0628019,0.0015,0.0055,-0.00130588265934101,2.857142857142857,9,3,84.4,14091.0,4,739.0,82,77,0.939
153,AnIdiot,AnIdiot,Epic,54.626230919216,52.98500908540279,45.413865130006045,76.17181074739214,45.6293256871663,2003.000395,5,0.8372408415356045,0.605979265504021,2,2633.0,1141.948656,0.0028,0.098,0.05808613803,0.0029988,0.0069,-0.0015953130255019212,35.0,10,3,96.7,10103.0,3,26.0,97,84,0.866
154,youfadedwealth,Faded 🦇,Epic,54.53915747986437,56.13123359580052,58.76043803803827,29.35164254350301,76.84150682222662,1734.263203,4,0.9516854633136275,0.6850165520507707,0,4128.0,932.525357,0.0021,0.048,0.10670000000000002,0.004,0.007,0.004392518851675081,22.857142857142858,6,1,9.7,49551.0,4,11.0,69,65,0.942
155,tolibear_,toli,Epic,54.52696238362703,40.9076317383404,77.65095271761116,40.17357061543108,71.44304923867907,1324.437704,3,0.8368936540599909,0.6456898832005131,1,28688.0,121.426108,0.0099,0.489999,0.174389999,0.01,0.044399999999999995,0.0004784356847974285,49.49484848484848,6,2,46.8,30016.0,4,74.0,106,96,0.9057
156,AtnsXBT,AtnsMDX,Epic,54.44059129857998,65.5084797092671,41.87092075072549,58.75106869874312,40.12836991628765,2891.137815,3,0.987946592029357,0.8310332112587141,0,1975.0,1274.431075,0.0017,0.01,0.05281199999998001,0.0025,0.0069,0.0002964326593824561,5.882352941176471,8,1,91.0,12376.0,2,35.0,79,71,0.8987
157,BetmanJoe,Joe Betman 🇨🇷 🇫🇷,Epic,54.42189613396158,45.64763779527559,49.99654217100353,61.24590525753316,76.0968294772922,1091.966251,8,0.7923377067109768,0.29203639912142415,2,29033.0,118.485064,0.0045,nan,0.18949900000000003,0.002,0.01488,-0.00455499966289955,nan,6,2,97.7,14176.0,7,72.0,66,65,0.9848
158,cartist00,CARTIST,Epic,54.071264340624865,46.54133858267716,59.78673596675159,53.56887298747763,65.29513545580383,1328.4859000000001,2,0.958688595768667,0.7748579761456038,0,3155.0,1059.087244,0.0015,0.04,0.0669878,0.005,0.01,0.0007575339328879184,26.666666666666668,15,1,86.4,36299.0,3,1597.0,95,88,0.9263
159,TMoneyy,TMoneyy,Epic,53.98623856239571,51.35306884716333,45.61820291025606,51.20165880630998,78.6675235646958,1563.93436,8,0.8235110807563034,0.45104347751614565,3,17223.0,297.953367,0.004,0.05,0.05610000000000001,0.0022,0.008,-0.0005207503624873112,12.5,7,2,78.0,17317.0,7,91.0,87,79,0.908
160,0xkekov,kekov,Epic,53.94931540576632,64.99364021804968,60.879251470630805,47.34930186092977,21.74790719135192,3282.926963,3,0.9711293176988303,0.8040276641184573,0,7443.0,659.126986,0.0038,0.00749999999999,0.077963,0.004,0.0069,0.00038634614472434625,1.9736842105236843,8,1,85.4,5044.0,2,14.0,85,81,0.9529
161,GUJJUIIXI,GUJJU,Epic,53.89460128820161,58.27801332525742,52.00488046187259,50.34401644866762,50.0891503526465,1646.211406,4,0.9656462668476851,0.5254915888131173,1,5310.0,816.073621,0.009,0.15,0.04468800000000001,0.005,0.006,-0.001454055517595401,16.666666666666668,8,1,86.2,5996.0,5,64.0,85,81,0.9529
162,Teacher96_Katie,Teacher96-(Katie),Epic,53.646110654950135,28.287502523723,86.47664951433208,65.11241084496899,51.26310065256081,359.598099,3,0.8145315337925446,0.45124111352574525,1,25212.0,158.727207,0.01,0.05555,0.13593099999997998,0.01,0.015,0.003947901266205308,5.555,11,2,99.2,8940.0,4,109.0,85,77,0.9059
163,GeoOnchain,AG,Epic,53.621510239972174,64.86871592973955,47.25065898734598,30.544560091071723,65.01631402017006,2383.3279070000003,5,0.9433372262568323,0.806900549200557,0,4184.0,925.96774,0.00229,0.005,0.06078899999999999,0.00175,0.0027,-0.0007951546663618003,2.183406113537118,18,1,14.3,18315.0,4,6.0,67,62,0.9254
164,GuigsLuke,Guigs,Epic,53.62089750857517,72.65101958409043,29.168489387935498,63.78436679599471,30.07662645837453,3184.9785769999994,6,0.9352360841433113,0.7222618298772971,2,2206.0,1223.814731,0.00099,nan,0.046091963,0.002,nan,-0.0009164320126674065,nan,11,1,97.7,3555.0,3,15.0,99,86,0.8687
165,yellowpantherx,yellowpanther 黄豹 💎,Epic,53.02738389507448,38.65975166565717,82.38163187378777,36.42790349185698,64.54996374662184,1162.0762249999998,2,0.9273327235031008,0.6446741435957729,0,3047.0,1074.573618,0.003938,0.019,0.1768279,0.02,0.04,0.006209139837694851,4.824784154393093,12,1,28.9,172945.0,2,3047.0,78,69,0.8846
166,thelearningpill,The Learning Pill 💊,Epic,52.940939017704316,60.01817080557238,51.30365950375076,35.51986966521851,60.02521257662646,2228.212556,4,0.9313293850552846,0.8255302560757435,0,512.0,2010.287901,0.006,0.01,0.05939,0.002,0.005,-0.0012553321292749448,1.6666666666666667,10,1,0.3,23305.0,3,128.0,61,58,0.9508
167,theagnft,ag,Epic,52.65640378991751,57.12906319402382,49.911366819478346,29.851265014055713,75.71122536418167,2604.0201819999997,12,0.8652537893055157,0.5027203114386053,0,1972.0,1275.067609,0.0012,0.0034,0.08099900000000002,0.0027,0.004,0.0019289701274321862,2.8333333333333335,9,1,0.3,13875.0,7,20.0,63,57,0.9048
168,PenguinWeb3,Penguin,Epic,52.60987650364613,58.25772259236826,30.990022774362426,57.877361011081945,66.55873047261221,2223.2514969999997,3,0.9657869757849621,0.7444179493154827,0,713.0,1821.361615,0.0025,0.007,0.052780999999999995,0.0015,0.004,-0.002014846663553354,2.8,8,2,35.3,19935.0,4,279.0,86,78,0.907
169,defidarling,sara,Epic,52.417396369117384,46.692156268927924,58.617632916969,56.446175917106146,51.97926965921824,922.846352,2,0.97409706557128,0.8388132904274891,0,4405.0,903.202952,0.00218,0.01,0.10438,0.00388,0.007,-0.00010883336991610421,4.587155963302752,9,1,95.1,90029.0,1,90.0,91,82,0.9011
170,0xmani,MANI,Epic,52.01402308001208,67.3237431859479,34.99857965648214,61.10254861417652,27.429141124513876,2834.928376,3,0.9940833646902313,0.9112802652686222,0,457.0,2060.122014,0.00148989,nan,0.06536899999994,0.0015,0.01089999999994,-0.00231186809068873,nan,12,1,82.4,10891.0,1,35.0,95,90,0.9474
171,0xMelkoreth,Melkor.eth,Epic,51.97122033042098,63.55350292751868,35.385538495602376,38.01971865343958,67.3299386988333,2564.1615279999996,7,0.8887062302961297,0.6402623906261277,2,3135.0,1061.541444,0.0012,0.009,0.05438890000000001,0.0015,0.0035,7.558203638404532e-05,7.5,10,1,35.5,20834.0,4,13.0,76,69,0.9079
172,Frenchiee,Frenchie.moca 🇫🇷,Epic,51.82966812795987,54.470977185544115,55.30291185301086,30.400343842204308,67.56987014699098,1746.698767,5,0.906141061425118,0.4122675390769677,2,2098.0,1246.222076,0.0045549,0.02,0.09254899999999999,0.0015,0.01,0.00790298794548764,4.390875760170366,6,1,1.0,13802.0,5,154.0,70,66,0.9429
173,Crypto_bn,Crypto 🔶 ₿N,Epic,51.761354438078925,55.211286089238854,42.91945289064655,61.052488209464954,44.90986091885834,2079.4509129999997,1,0.9950253750487982,0.9549390736220771,0,446.0,2075.355114,0.00134,0.008,0.0727619,0.0023,0.0055,-0.0023021867696852113,5.970149253731344,14,1,81.6,35645.0,1,446.0,84,75,0.8929
174,XammieCrypt,XAMMIE💎,Epic,51.29658807986812,63.79355945891379,42.956655251351826,38.27877936017471,49.22829740953134,2926.860755,3,0.9701432255501591,0.6128894610762877,1,464.0,2050.197579,0.00199,0.022,0.05258800000000001,0.0016,0.0055,-0.0005744172074777019,11.055276381909547,19,1,3.6,11711.0,3,20.0,99,91,0.9192
175,weston_union,Weston Union,Epic,51.2569410443364,61.08161720169594,60.166086527565405,37.416804126106456,28.66274471030255,2211.737823,5,0.9064096956912711,0.9385637034685008,0,2844.0,1109.369724,0.0022,0.008,0.159858,0.0029,0.05,-0.001209337085563866,3.6363636363636362,16,1,31.5,2724.0,3,155.0,91,84,0.9231
176,Houseofyogi,Yogi,Epic,51.24773830193711,65.65919644659803,32.275290055456715,43.104587273191925,55.29546503196888,2797.193692,3,0.9768750752948461,0.9244136031637945,0,312.0,2265.284289,nan,nan,0.010499999999999999,0.008,nan,0.00786310990929897,nan,1,1,14.1,36902.0,2,43.0,10,9,0.9
177,molusol,molu,Epic,51.127878424666044,53.23864324651726,31.628636302722057,78.18041841879051,41.92785577747017,2339.4488069999998,3,0.9215033066347509,0.7182818207609104,0,328.0,2225.250122,0.00238,0.098,0.0272489,0.0037489,0.0069,-0.0011235304234668438,41.17647058823529,6,3,84.9,13644.0,2,328.0,74,65,0.8784
178,iMithrandir_,iMithrandir 🪄,Epic,50.502060898970086,52.674793054714314,49.38044669000555,56.242333248147204,38.92376903302353,1621.385605,5,0.8840962420074666,0.6363187120506731,1,2586.0,1151.645554,0.003,nan,0.09695099999994002,0.003,0.00387,-0.0021959552329109838,nan,7,3,44.8,3994.0,4,100.0,85,76,0.8941
179,Deviled_meggs_,Deviled Meggs,Epic,50.228335792686075,50.2632243084999,34.97561761907602,57.34595056106684,66.06634368202492,1591.688991,2,0.9711445171582596,0.7883526130516012,0,2679.0,1134.108774,0.00244,0.15,0.03284,0.003,0.0056,-0.0011169617786552627,61.47540983606557,8,2,59.8,40410.0,3,937.0,76,74,0.9737
180,CryptoArter,Arter ✳️ 🫎,Epic,50.20809360435336,40.49838481728246,46.98961086695446,70.17298399275144,54.84493441434316,838.63005,3,0.8956233553492394,0.7945755562735138,0,17171.0,299.039915,0.0029,0.00549999999999,0.052569,0.003,0.0035,-0.00021796601695905224,1.896551724134483,8,5,99.0,7534.0,5,196.0,82,72,0.878
181,OODEGEN,哟,Epic,50.11396771764096,65.53810821724208,53.04646877403341,15.875124875124875,49.747215081405315,3283.661323,19,0.8388913539988871,0.6058020417268576,1,nan,nan,0.00479,0.008,0.0726261,0.0016,0.005,4.449683207220218e-05,1.6701461377870563,8,1,7.9,1303.0,7,41.0,110,99,0.9
182,degenBRO__,degenBRO,Epic,49.99079552535644,50.642388451443566,52.02760014441713,28.124393048811655,74.01374332608265,2118.059576,2,0.9648219195293324,0.6504820896366427,0,596.0,1927.295809,0.0019897,nan,0.10866699999999,0.0022,0.0045,-0.004321957322883969,nan,24,0,11.5,37058.0,4,596.0,89,81,0.9101
183,3liXBT,"3lixbt (🗣️,🤝)",Epic,49.851290359723635,49.96204320613769,54.229966896530165,34.32508770299468,62.95975875024718,2314.801644,3,0.924038644770144,0.5456907190956672,0,361.0,2171.433817,0.001,0.09,0.08506888899,0.005,0.005,2.72793318695739e-05,90.0,12,0,25.1,16590.0,4,361.0,95,87,0.9158
184,Kaffchad,Kaff 📊,Epic,49.84656027738153,63.01746416313346,23.307827098854286,44.33684338916897,66.30166106387186,4528.233466,6,0.8819940575061048,0.6726889237186536,0,152.0,3379.639208,0.0013,0.03,0.0368,0.0014,0.0055,-0.0025466557061696185,23.076923076923077,13,1,9.0,19822.0,4,51.0,65,62,0.9538
185,whemohere,whemo,Epic,49.82379768780021,72.19392287502524,29.506912718146165,33.277722277722276,46.093039351394104,2494.0333350000005,6,0.9695953150398139,0.645697293744798,2,nan,nan,0.003,0.098,0.05331199999999999,0.0015,0.007,-0.0016846718941466211,32.666666666666664,4,1,72.6,1204.0,6,19.0,93,81,0.871
186,Idedj,Ide,Epic,49.54838900636193,47.39733494851605,37.540944695316796,66.0442057942058,53.302517961901,1173.185582,7,0.8277984074071718,0.4206490644814439,4,16509.0,315.635677,nan,0.0969,0.07508999000000001,0.0075,0.00989999,-0.0012572356979417586,nan,4,3,97.7,7151.0,5,54.0,75,62,0.8267
187,GemsScope,GemsScope,Epic,49.40058567702203,53.892640823743186,30.19543489605217,60.75368236414748,54.29289433788148,2735.477051,2,0.9514446715816334,0.7446321978644086,0,220.0,2633.86865,0.0012,0.1,0.025399999999989997,0.003,0.0023,-0.00032797583121523454,83.33333333333334,8,2,27.9,172494.0,1,220.0,66,62,0.9394
188,bunya_eth,Bunya🏀Vibunya Arc,Epic,49.30466736556289,34.9442761962447,71.2333922507901,61.140725553516255,35.26975809109485,695.918591,3,0.8750524919378129,0.688970720212278,0,11118.0,467.813774,0.01,0.069,0.05184999799999,0.008,0.01,0.004131699759122396,6.9,10,2,93.1,17282.0,1,533.0,73,71,0.9726
189,BlueTigerX_,BlueTiger,Epic,49.18211458947728,39.82031092267313,52.347643146876905,41.39415235926864,79.25499307890053,1235.406185,4,0.8630807322564864,0.5672232044888496,0,4818.0,861.297835,0.01,0.04,0.04172000000000001,0.003,0.0065,-0.000815009493862873,4.0,9,1,61.4,21902.0,6,462.0,79,71,0.8987
190,Jai0xCrypto,"Jay.eth, CFA",Epic,48.86199127127603,51.84857662023016,34.94326157862993,54.71044653021397,56.29770614989124,1659.0962959999997,3,0.9387428345797714,0.7648668848521822,0,1330.0,1479.072817,0.001,0.044,0.060416,0.0017,0.00688,-0.0005134300794790456,44.0,11,1,80.1,18009.0,3,454.0,93,91,0.9785
191,PlatyMama_,🥚PlatyMama,Epic,48.804369795525616,31.32990107005855,55.27626428851816,61.010907696954206,68.34107837321206,595.5632459999999,3,0.8285950865330826,0.7175579712744389,0,13767.0,372.947305,0.0049,0.0148999999,0.076126,0.0045,0.006899,-0.007832210912186496,3.040816306122449,9,3,91.0,14635.0,5,1342.0,89,83,0.9326
192,Smolpeach33,Smolnaut,Epic,48.785714779612164,39.73783565515849,56.44213488009099,57.68298561903213,48.28966449146398,1032.9025589999999,4,0.8354360055390905,0.4567384200879768,1,7978.0,623.612814,0.0024,0.098,0.09310889999996001,0.00199999999996,0.0045,-0.000722624799356298,40.833333333333336,23,8,66.2,5271.0,5,821.0,101,94,0.9307
193,bigZUKO_,mayowa 🍀,Epic,48.77454187043814,50.507823541288104,55.2740028687484,48.97033780173315,33.058961175927756,1850.349234,2,0.9611011004080992,0.7391812905669288,0,925.0,1669.974312,0.001,0.003,0.07516990000000001,0.008,0.0035,-0.0003701775784840875,3.0,15,1,57.0,9127.0,2,925.0,84,77,0.9167
194,_matisei,Mati,Epic,48.67729256415266,54.944881889763785,42.72818664674177,44.04916595032874,48.049733043306304,1552.546132,3,0.9609602633655802,0.826449717996896,0,4330.0,909.518486,0.0029489,0.2,0.04941189000000001,0.003,0.0069,-6.621927976736896e-06,67.82189969141037,5,1,66.8,7526.0,4,231.0,87,83,0.954
195,Scooter_420,scoot,Epic,48.58601726905828,42.88734100545124,36.98025183399731,53.39536045349999,76.71297211785642,2035.380714,3,0.850780040699305,0.6458602417519715,0,760.0,1784.530237,0.00154,0.0067,0.06631800000000002,0.0016,0.005,-0.001427946625240742,4.350649350649351,10,1,68.5,49322.0,4,760.0,99,92,0.9293
196,tulipxbt,tulip ✨,Epic,48.5343108419961,47.4737532808399,51.87627647216839,36.15374160722998,62.29994726781359,832.368174,6,0.903871171085091,0.43540945534861897,1,22063.0,207.425093,0.00399,nan,0.052984,0.00498,0.0097,0.0006397006997493974,nan,5,1,73.1,10648.0,5,51.0,85,72,0.8471
197,lechriss17,lechris,Epic,48.486333047980615,61.72390470421966,37.25920647532713,50.60405873196571,29.074385340452178,1789.3763599999997,4,0.9480790745560754,0.7416762667879937,1,3567.0,999.443316,0.002,nan,0.04092899999999999,0.0025,0.0045,-0.0006462600720724068,nan,9,1,82.1,7425.0,2,61.0,87,83,0.954
198,pgreyy,pg,Epic,48.27337265555347,56.24954572986069,46.58242585033334,28.34922635504031,56.38735086678532,1665.1781099999996,3,0.9581257368587236,0.84600471701486,0,8179.0,613.46434,0.0022,0.008,0.05155599999997,0.0021,0.0051,-0.00039216705817351295,3.6363636363636362,14,1,21.2,8295.0,5,104.0,68,62,0.9118
199,nftboi_,NFTboi 🥷,Epic,48.149340042092895,36.741772663032506,66.69179345401898,29.04659875008712,73.13575242238483,683.3883500000001,3,0.8915864318257593,0.7157156950364133,0,10331.0,501.960612,0.0028,0.0069,0.07482100000000001,0.0034,0.0054,0.006981472127180631,2.4642857142857144,15,1,30.7,111977.0,3,105.0,84,77,0.9167
200,WYdaGOAT,Kenny Wy,Epic,48.05085158525307,52.17292549969716,22.95845561569117,62.9626362010083,58.99693494166502,2312.919276,4,0.8805789525730964,0.7452409981732566,0,1784.0,1327.677791,0.00104,0.0112,0.04074200000000001,0.001849,0.004,-0.0009342890272275092,10.76923076923077,8,1,96.2,20909.0,3,99.0,90,84,0.9333
201,holly_web3,Holly,Epic,48.01472976956617,51.797496466787806,26.869497314676728,51.02840183072742,69.15117658690923,3065.0174519999996,3,0.8445685846522327,0.8474326337731801,0,418.0,2100.701971,0.0021,0.05,0.034178,0.0017,0.004349,-0.000943837727253604,23.809523809523814,7,1,48.3,51890.0,3,137.0,91,82,0.9011
202,Jonasoeth,Jonaso,Epic,47.9623385063716,57.34988895618817,31.93727899222963,68.78298445740306,21.876441895722103,2472.185006,1,0.9971446098934805,0.9361022431912175,0,256.0,2470.206622,0.001,0.005,0.03574999999999,0.0028,nan,-0.0006613314135548293,5.0,12,4,50.6,5048.0,2,256.0,71,60,0.8451
203,Abstract_Hzn,Abstract Horizon,Epic,47.69243981633423,51.02609529578034,54.78050715237257,29.969054201612337,50.620427130709906,1483.9848229999998,2,0.9589031583552245,0.9385780556997334,0,6457.0,726.424011,0.00399,0.004,0.049802,0.0059,0.004,3.3650592211735134e-05,1.0025062656641606,8,1,24.0,8815.0,4,47.0,68,62,0.9118
204,Truunik,Truu🐻‍❄️,Rare,47.66645360169255,44.77165354330709,35.404656127711654,53.57518644146551,67.94393909432469,1102.872992,4,0.9141917063519563,0.5768871357226578,0,7862.0,631.016693,0.0015,0.0037777,0.0591,0.0015,0.005,-0.0007504809965618973,2.518466666666667,10,2,69.8,11223.0,6,140.0,67,60,0.8955
205,D3TRIOTT,"DΞTRIOT | DGC 2.0🔺,♟️",Rare,47.5013143338425,59.36710074702201,24.693421409986584,43.7834607253212,58.82951024981874,2267.371469,5,0.8960402688509348,0.8826027223355146,0,7173.0,678.179291,0.00119699,0.0999999999,0.03819000000000001,0.0015,0.00379,-8.751713940464005e-05,83.54288665736556,8,1,76.7,9570.0,5,100.0,77,70,0.9091
206,justmeg,Meg,Rare,47.364468506703105,58.149707248132444,12.268325094950274,68.92157842157842,48.35459099597917,1661.126947,4,0.9524156820361206,0.8014780881337158,0,9274.0,553.338221,nan,nan,0.0033,0.0012,nan,0.00040546510719704896,nan,0,6,95.1,20585.0,2,118.0,19,13,0.6842
207,raidenkrn,Raiden,Rare,47.00407566181432,35.97536846355744,41.07990693648483,76.88054968287527,46.452277371300504,721.5324469999999,1,0.9271540906809437,0.8975830910405581,0,6531.0,721.440207,0.002,0.01,0.058459,0.005,0.023,-0.010666969385324597,5.0,8,5,99.5,41043.0,1,6531.0,77,67,0.8701
208,dreweth,Drew,Rare,46.94060340468178,51.31299212598425,47.2398687016362,53.32295030550845,26.272328785182253,1898.541779,2,0.9354121716218086,0.9161255895142741,0,811.0,1744.803044,0.0029,0.02,0.060128799000000004,0.009,0.0069,-0.0017353548731295848,6.8965517241379315,6,1,69.8,10299.0,1,555.0,92,87,0.9457
209,nftriles,Riles,Rare,46.893320394456765,46.900767211790836,46.505948459242205,41.77168180656553,54.347933557445124,1469.444904,6,0.8346693036193712,0.6934539162934424,0,16894.0,306.207086,0.0047,0.00999999999998,0.05104,0.007,0.008,-0.001120424656352101,2.12765957446383,1,1,84.4,10164.0,4,65.0,87,84,0.9655
210,Jackhaldorsson,Jack Haldorsson,Rare,46.83601698011475,47.15773268726024,47.49265214026032,51.46293822456614,38.714488168215674,1270.159606,2,0.9595343879934812,0.8122856442562025,0,4167.0,928.196431,0.0025,0.03,0.07974,0.0029,0.0055,-0.00435409200344257,12.0,10,1,85.9,11602.0,2,1160.0,87,83,0.954
211,swandogs,SWANNY 🔺,Rare,46.81713090521925,48.87038158691702,46.87290105826209,40.23460841484098,50.02554215279151,1096.179334,4,0.9002237925410373,0.8912280118067692,0,4784.0,864.81159,0.00259,nan,0.05167098999999999,0.005,0.00989999,-0.0009379631171212673,nan,9,1,56.5,23379.0,2,117.0,82,79,0.9634
212,sanjaybuilds_,Sanjay,Rare,46.72607052366739,42.59251968503937,59.443535078340375,36.89166066491648,49.66564498055501,1175.080435,2,0.9421788631644805,0.7251726022859212,0,3354.0,1029.601408,0.0032,0.01,0.08818000000000001,0.005,0.015,-0.000791733299677735,3.125,9,1,32.2,56823.0,1,2634.0,78,67,0.859
213,matchayuma,oatmilk (iron man arc) 🍵🌸,Rare,46.321082439143126,43.81465778316172,60.198811345319385,38.458030341751275,40.35940280798893,688.3976089999999,4,0.8894665284612727,0.6589302693060803,1,19847.0,248.544021,0.004,0.008,0.0888,0.004,0.0069,0.00015768257997774175,2.0,6,1,79.0,7942.0,3,27.0,88,81,0.9205
214,kaitodan,kaito dan,Rare,46.2007597785451,57.93801736321421,31.287454313886542,38.90442116023512,49.4853668182717,1747.9932450000001,4,0.9456402924359602,0.8035253278404353,0,4419.0,901.989856,0.001197,0.0185,0.039786999,0.0018,0.006,0.0006320167433944707,15.45530492898914,9,1,49.9,11884.0,3,87.0,78,75,0.9615
215,Sanza,Sanza,Rare,46.040431278523165,47.53573591762568,38.857729939176686,45.472527472527474,54.78132621448817,1358.797924,3,0.9401078983556449,0.6573307551647654,0,2755.0,1123.051667,0.00199,nan,0.032236,0.0024,nan,-0.0005266575340943079,nan,13,1,63.2,35373.0,2,85.0,82,78,0.9512
216,DailaX,Daila,Rare,45.799131588054934,43.71996769634565,60.90161597830543,19.73498594428827,60.92495550721772,800.0245649999999,3,0.9286291636103332,0.7710186553646428,0,9705.0,532.195357,0.0087,nan,0.05289,0.005,0.0055,0.0018713654966327977,nan,6,1,0.3,24465.0,3,22.0,59,53,0.8983
217,shredder_tegg,SHREDDER,Rare,45.721722358848496,41.17761962447002,40.543291376064076,56.33941058941059,52.31313031441566,1609.4631339999999,2,0.9378366966945022,0.5017342367976754,0,1302.0,1486.098913,0.0039,0.03,0.033588,0.002,0.004,-0.0003515059758918482,7.6923076923076925,9,1,82.6,13797.0,3,1302.0,83,80,0.9639
218,jennn_sol,jennn,Rare,45.640991373923995,40.994548758328285,45.542209781677215,41.11712125084218,64.22796783336629,943.666796,6,0.8210076090247288,0.6373938759862301,0,10205.0,507.579719,0.0013,0.05,0.07535900000000001,0.002,0.004,-0.0014149381128949264,38.46153846153847,22,1,76.0,11695.0,5,379.0,85,77,0.9059
219,josephweb3,Joseph,Rare,45.63759379134409,46.50580456289118,39.48006507693268,54.399914039448916,41.90181926043109,1243.571367,2,0.941676618608882,0.8998163785605029,0,2789.0,1118.082852,0.0009,0.0055,0.06286799998999999,0.002,0.0055,-0.000782459691073082,6.111111111111111,16,3,42.2,8742.0,3,2789.0,83,77,0.9277
220,treeonchain,tree,Rare,45.615525860286176,39.4178275792449,43.22334343437223,40.28089352507958,73.24253509986158,921.7426529999999,4,0.7623379487216807,0.6514828376990394,1,5524.0,796.808678,0.00114,0.014,0.062167999999999994,0.004,0.0139,-0.001704641715289532,12.280701754385966,14,1,58.8,33710.0,4,217.0,80,78,0.975
221,hyperstrike,Hyperstrike⚡️,Rare,45.56984524316432,43.40732889158085,47.62919796885245,63.74112515391585,23.67592775690462,1006.0424899999999,1,0.9602030003903854,0.9325541234146396,0,3568.0,999.297769,0.00119899,0.0043,0.07834998999998999,0.00248,0.00388,-0.001045617040095821,3.5863518461371653,23,3,79.0,5381.0,2,3568.0,97,86,0.8866
222,PopPunkOnChain,Pop Punk,Rare,45.56560842799888,44.73516050878255,39.867703573575476,55.99750830564784,43.36744446641619,2257.66212,2,0.9262369094299541,0.5579252665309865,0,341.0,2194.797576,0.0033,0.0055,0.030150000000000003,0.00375,0.0045,-0.00013746976832293336,1.6666666666666665,5,25,0.3,31106.0,1,341.0,80,53,0.6625
223,manyaaww,manya,Rare,45.53818524675893,56.54138905713709,23.885349657877907,38.592053295541675,61.5458770021752,2355.275309,7,0.8738377101245192,0.6917307114602085,0,730.0,1807.518076,0.003,nan,0.0036,0.0011,nan,-0.0002720251658416506,nan,4,1,11.3,14599.0,4,65.0,10,9,0.9
224,themansion_eth,Yasmina,Rare,45.12456940578171,55.20109024833434,31.227718896700182,32.99872801616988,57.58305319359304,2159.391617,4,0.8802476381029126,0.7238167366465165,1,6509.0,723.133151,0.00277,0.01,0.0375,0.0038,0.0069,-0.0026562620206424248,3.6101083032490977,5,1,34.5,19653.0,3,139.0,63,56,0.8889
225,MrGreenity,MrGreenity,Rare,45.10889575831229,48.18423177871997,41.44234783106398,56.89762563018377,27.300606420143694,1563.745237,3,0.9274162137846491,0.7117006399221729,0,1990.0,1271.071498,0.0049,0.007,0.0400999,0.0016,0.0055,0.00019056706919290663,1.4285714285714286,7,1,87.0,10755.0,1,442.0,97,92,0.9485
226,Wezaverse,Adam Westerén,Rare,45.09999993917512,45.482535836866546,49.00160710419631,38.96452384824478,45.75786039153648,1447.9557180000002,3,0.8743524535507393,0.9132673399826028,0,1712.0,1348.542944,0.0015,0.00284899999999,0.06419000000000001,0.0015,0.0034,0.004786711295253984,1.8993333333266667,15,1,25.8,10122.0,3,274.0,69,60,0.8696
227,0x_degenola,Ola,Rare,45.05026545286713,61.493842115889365,24.267959580926522,24.143321794484585,63.71382901588558,1798.2376429999997,6,0.9413818433154205,0.7522994303343188,0,7961.0,624.796959,0.00177,nan,0.040829000000000004,0.0015,0.0055,-0.0007020733355845705,nan,6,1,7.7,11332.0,5,8.0,66,64,0.9697
228,bored_vic,Bored Vic,Rare,44.873904702710156,65.54441752473248,23.213221107329446,24.158120948818624,53.47472150814053,3922.584839000001,13,0.8359891119335399,0.3887431100023212,4,8345.0,602.920018,0.0025989,0.1,0.0262,0.0015,0.0035,-0.0014963285214381983,38.477817538189235,7,1,8.4,3830.0,7,19.0,65,55,0.8462
229,brave_raf,Dr Rafa,Rare,44.609844729877764,46.2565112053301,51.483775471653786,38.880834281997075,36.400863489552435,1016.6290079999999,3,0.9296188047940411,0.7825658483831864,0,13661.0,376.25341,0.0013,0.0045,0.10420000000000001,0.0024,0.015,0.004190807461737516,3.4615384615384612,8,2,28.1,10409.0,2,103.0,80,71,0.8875
230,Aizcalibur,Aiz,Rare,44.609008346649,29.553603876438522,65.63189708067287,51.39680087354506,40.66821567464241,573.8957660000001,3,0.8285090414865665,0.6472458800603409,0,12221.0,425.014469,0.00539,nan,0.08093000000000002,0.005,0.008,-0.0011816707537993325,nan,12,22,54.2,24430.0,1,1190.0,90,63,0.7
231,smolgeeek,geek,Rare,44.52062871492879,42.10528972339996,33.455598288797404,70.33282996073693,34.986981741480456,1816.8088800000003,4,0.8333617251553722,0.5118271290940362,0,783.0,1764.02932,0.00476,0.06,0.04868699999994,0.0014,0.012,-0.0023452864210896846,12.60504201680672,8,5,70.6,10054.0,2,80.0,79,72,0.9114
232,jeg6322,EWL,Rare,44.47078736093015,47.11705027256209,55.81212212737172,29.415218502427805,38.58595346384549,1420.657238,2,0.956328698068009,0.7790223403391152,0,2063.0,1254.216052,0.009899899,0.00329999999998,0.04798999999996,0.0022,0.006,-0.0008901553811297936,0.3333367340394079,15,1,0.3,11501.0,2,2063.0,62,57,0.9194
233,Naeven_,Naeven,Rare,44.18384359527139,47.68059761760549,42.63073197801373,43.84798922008224,37.89549139806209,1072.183043,3,0.938894906159747,0.7799486608779246,0,6846.0,700.013627,0.0011399,nan,0.058478,0.0019,0.0055,-0.00024766470129890445,nan,21,2,29.2,3194.0,4,328.0,77,69,0.8961
234,PoyoEB,Poyo,Rare,44.09837009918268,48.01791843327276,44.82471061996721,33.48951629765584,46.580812075670686,1382.753815,2,0.9400889018803669,0.96756336915422,0,1934.0,1285.074455,0.00277,0.006,0.053589000000000005,0.0027,0.005,0.00047678805429047534,2.1660649819494586,6,1,8.4,41898.0,1,1934.0,64,60,0.9375
235,thejasich,jasich.eth | collab manager,Rare,43.92217538698778,28.354280234201493,53.11140833618617,51.97615175522152,59.382539054775556,643.041619,2,0.9017003665177988,0.5225833295115443,0,9824.0,525.107249,0.0035,nan,0.05338989,0.002,0.0039999,0.0008154665424344223,nan,11,1,95.9,21216.0,3,2930.0,73,70,0.9589
236,AnnieNFTT,AnnieNFTT,Rare,43.81439526130697,51.883101150817694,26.890810765690738,44.98015356736287,48.94947597389757,1113.126385,6,0.8983111747120569,0.5895904240202444,1,6730.0,707.710906,0.001095,0.032,0.049780000000000005,0.0029,0.0069,-0.002772589827483544,29.22374429223744,8,1,79.3,7944.0,4,30.0,92,82,0.8913
237,morsyxbt,Morsy,Rare,43.758253866493796,35.92403593781546,66.12879774494128,37.17435471505239,36.14379408081208,1636.547472,2,0.9032811601560773,0.41396858575218054,0,1118.0,1564.383914,0.00538,0.007,0.13960000000000003,0.003,0.01,-0.0015455303698159646,1.3011152416356877,12,1,14.1,10260.0,2,1118.0,96,88,0.9167
238,threadoor,threadoor,Rare,43.738259884120495,46.94074298405007,36.36732754874119,38.28418674348907,54.75528969744908,1409.7730600000002,4,0.8482444284644297,0.9089352833502032,0,5463.0,802.004796,0.002,0.01,0.05245689,0.00199999,0.005149,-0.00039529862109105677,5.0,7,2,5.6,16902.0,3,56.0,81,78,0.963
239,onchainmo,moritz,Rare,43.70308938031727,30.58515041389057,64.03260728080033,34.483173802941245,57.094950893151406,896.679665,2,0.8950748195883282,0.5223715248998142,0,5239.0,823.019605,0.003999,0.018,0.09159999,0.007,0.02,0.0006414033792321675,4.50112528132033,5,1,32.7,43450.0,2,5098.0,63,56,0.8889
240,mhknft,mhk 發,Rare,43.6781286519675,31.37517666060973,48.00937507201676,48.75851474107288,62.49340847669897,677.391769,2,0.9106382896890186,0.5908185950527507,0,11470.0,452.449542,0.00129,0.048,0.14772888,0.0069,0.0069,-0.010175711271233472,37.2093023255814,8,2,63.4,92085.0,2,1710.0,90,80,0.8889
241,ToriRibolla,Tori,Rare,43.62564499043577,53.55057540884314,31.036076760769195,52.35420974374462,26.50369125304858,1782.235828,4,0.8919883895214618,0.9058953065168349,0,1385.0,1458.158759,0.0014,0.03,0.04193299999999999,0.0025,0.0055,-0.0011355362652390986,21.428571428571427,9,1,73.9,6645.0,2,76.0,81,76,0.9383
242,SHL_eth,SHL,Rare,43.52351256347112,49.6699979810216,39.60247737075976,47.35428524963409,28.56024652297146,1510.0068860000001,1,0.9860911270983214,0.9467421628378003,0,1247.0,1506.054832,0.0074,0.01,0.03669,0.003,0.0055,-0.0017800138584163452,1.3513513513513513,4,1,54.7,7264.0,2,1247.0,82,77,0.939
243,thekuchh,kuch (vibecoding arc),Rare,43.50458530869096,42.603169796083186,38.941981691848476,26.200781776363172,76.58443741348626,902.1871970000001,3,0.9276804735894658,0.6595329586064541,0,8350.0,602.776424,0.0012,0.035,0.055551,0.00179,0.0055,-0.00016955798576323976,29.16666666666667,12,1,14.8,49229.0,4,331.0,81,75,0.9259
244,aibra,Aibra,Rare,43.18115297317013,65.34832424793055,19.708827062712416,37.996085310038794,30.102662975413615,2745.1522299999997,5,0.9342751582982347,0.6163391643121574,1,1546.0,1405.550663,0.001197,nan,0.02919,0.0012,0.0036,-0.0008533958533873758,nan,10,1,19.9,7688.0,2,17.0,68,65,0.9559
245,JefferyCrypt,JΞFF🧸,Rare,42.838913197711065,44.749242883101154,17.331930929747127,68.38476058824897,46.19520796256015,1210.0948939999998,1,0.9629022363504545,0.9031276789851869,0,3326.0,1033.863966,0.0014,0.0224,0.038489999999999996,0.0013,0.007,-0.0006322733136460413,16.0,3,2,91.8,40582.0,1,3326.0,78,73,0.9359
246,SquiddyNFT,"SQUIDDY {✊,🎮}",Rare,42.751437315748966,46.84181304260045,39.44715563969167,37.87270868666218,43.85587634302287,1073.124669,4,0.9055422460944882,0.4394741564568307,2,5814.0,772.845178,0.0014,0.00899999999998,0.051822999999999994,0.00189,0.0069,-6.627952840678112e-05,6.4285714285571425,11,1,51.9,16139.0,2,18.0,68,62,0.9118
247,enftsar,ensar ✳️,Rare,42.72507027172089,41.08429234807188,47.769518646544704,38.213995307018564,44.70783072968163,1574.3260890000001,4,0.8588666094396863,0.47441656504832214,0,6256.0,740.653153,0.00188,0.004147897,0.060926799999990004,0.002,0.0045,-8.190028257251976e-05,2.2063281914893618,12,1,55.5,6513.0,4,57.0,101,95,0.9406
248,0xfs7,FS7 🌊,Rare,42.61435525110524,37.310771249747624,46.17440973432816,53.50869479357851,36.29803572605629,2029.453643,2,0.8445708335763893,0.647478241705033,0,536.0,1993.966059,0.00367,0.007,0.051299,0.005,0.0069,-0.0011137442610927874,1.9073569482288828,7,1,64.7,18049.0,1,536.0,76,68,0.8947
249,CasperOnChain,Casper (Vacay Arc),Rare,42.4608307506522,50.877902281445586,32.56997883537986,35.40155193643566,45.91243161294575,1593.2763400000001,2,0.9657507888369872,0.8370600313679573,0,5140.0,832.397588,0.0015,0.0055,0.03165,0.0017,0.004,0.0007867652859514769,3.6666666666666665,9,1,37.9,17847.0,2,376.0,72,67,0.9306
250,tictacmagic_,Tictacmagic,Rare,42.165147286134264,57.954270139309514,23.763012236184395,22.600962990497877,56.81662382176521,2210.0270750000004,10,0.8508554570679548,0.5231545386793809,1,17777.0,285.542344,0.0012,0.01,0.02696,0.004,0.0031,-0.0012444171999184245,8.333333333333334,5,1,16.6,5359.0,7,30.0,88,84,0.9545
251,fimmonaci,fimmonaci,Rare,41.99516076385468,35.79128810821724,58.73632692438422,41.70173431219943,31.028112846878912,972.1328149999999,2,0.9181468511371069,0.624289353931317,0,4545.0,889.148375,0.00218,0.015,0.06727999999999998,0.007,0.0055,-0.0007982214309169418,6.880733944954128,13,2,13.0,13240.0,1,3805.0,62,57,0.9194
252,Napoleecrypt,Napolee,Rare,41.56026416103251,52.06314354936402,25.78773680298713,44.83404967125898,35.47508404192209,1295.41038,5,0.9202089042372403,0.7230226229185279,0,3983.0,947.792165,0.003,0.00489999999998,0.03558899,0.0014,0.00379999,-0.0010596933472554924,1.6333333333266666,6,1,66.8,6255.0,3,20.0,85,74,0.8706
253,yonann,Yonan,Rare,41.35928095290714,34.118110236220474,46.7384181302776,50.076725599981415,40.08058137235515,861.744769,4,0.8221822377881218,0.5531496117602979,0,6095.0,752.569879,0.003,nan,0.04893900000000002,0.0029,0.003,0.011716099047557502,nan,5,1,87.2,4997.0,4,341.0,76,74,0.9737
254,VideHaldorsson,Vide Haldorsson,Rare,41.23142404364513,36.16585907530789,47.21230229137369,51.770549218223636,30.71929998022543,747.691793,1,0.928236015838492,0.8804615173544329,0,6434.0,727.950264,0.00119,0.1,0.0713999,0.0024,0.005,0.00038714212967281707,84.03361344537815,11,1,92.3,4227.0,3,6434.0,89,79,0.8876
255,thebbz,thebbz 👷🏼‍♂️,Rare,41.21525005838623,55.98899656773673,34.836179000220156,30.212787212787216,27.120328257860393,1725.470217,4,0.9254483891419103,0.8512278555674346,0,nan,nan,0.00199,0.0149,0.031059999999999997,0.0019,0.0039,0.00020509774368612164,7.4874371859296485,9,1,61.9,1540.0,3,29.0,78,73,0.9359
256,auntiepaca,Lil Auntie 🌮,Rare,41.013842689659896,30.224207550979205,60.64800168603736,35.99600980414934,43.75304857952673,437.52523099999996,3,0.8409311679023735,0.7096059180739648,0,22974.0,192.480312,0.0035,0.011,0.06769,0.0035,0.01,-0.0001949137811926948,3.142857142857143,11,1,73.4,31920.0,1,582.0,89,87,0.9775
257,CreateWithTony,Tony,Rare,41.00040407351708,43.402029073288915,47.40226906517834,26.680319680319684,43.0197416122866,478.749202,5,0.8869405922651842,0.5692621228839625,2,nan,nan,0.0017,0.0087,0.07555787,0.002,0.004,-0.000729461681547339,5.117647058823529,12,1,47.8,2203.0,5,90.0,96,87,0.9063
258,Carl_m101,Carl,Rare,40.91401272071824,35.9076317383404,45.26513469263103,44.90101177891876,41.696493309603845,731.5862669999999,1,0.9286487089398249,0.8680033552416038,0,6397.0,731.438236,0.0065,nan,0.030489900000000004,0.002,0.0039999,0.0006402002365945029,nan,7,5,15.6,25602.0,1,6397.0,67,55,0.8209
259,OUchrisNFTs,OUchris,Rare,40.654545691261326,14.48889561881688,74.99284660561405,60.17482517482517,27.172071715773512,83.73940900000001,1,0.884314948468918,0.08129292345706589,0,nan,nan,0.008,nan,0.16788,0.008,0.02,-0.009425464824601121,nan,16,6,93.6,10650.0,1,3895.0,84,78,0.9286
260,SOLHUSTLER,HST 🌋,Rare,40.6517836365097,52.84095497678176,50.3390435421159,22.68031968031968,15.963845494693823,1478.02113,2,0.9900002079063828,0.6469476776867816,1,nan,nan,0.001499,0.0039999,0.10799879989998,0.0027,0.005,-0.0032413026899563964,2.6683789192795198,17,1,30.7,1132.0,2,21.0,86,72,0.8372
261,ItsTymo,ItsTymo,Rare,40.50134761500664,40.25964062184534,38.35503520731238,38.77757126594336,47.02145540834486,768.547652,3,0.8952039010331431,0.8044444216797157,0,10452.0,496.984687,0.001,0.00999999999998,0.07109900000000002,0.00159,0.004849,-0.00010742173266243245,9.99999999998,10,1,69.6,7231.0,4,51.0,87,81,0.931
262,_yourbros,bros / bad actor,Rare,40.428446700067404,30.277861901877653,47.11492125343025,53.44490974142137,38.99726451783007,732.4013040000001,2,0.9021801751328153,0.5437993067958332,0,7629.0,647.316397,0.004,0.0032,0.05629899999999999,0.002499,0.0065,-0.00047942389436808174,0.8,7,9,49.6,21038.0,1,3722.0,86,74,0.8605
263,Y4NGO,YANGO,Rare,40.388081732033704,35.53775489602262,50.13527210067223,21.650796877541065,62.060015819655916,357.435427,4,0.8522176614121625,0.5656174118785147,1,28954.0,119.183045,0.0012,0.00309999999996,0.053312889999999995,0.004,0.0033,7.396204246333053e-05,2.5833333333000006,17,1,22.0,15116.0,4,116.0,83,73,0.8795
264,RealPiffsPeak,PiffsPeak,Rare,40.34070300564138,31.29002624671916,58.564844450791284,44.034744325442006,29.17688352778327,345.501987,4,0.730688206272488,0.5552939622938831,1,34673.0,74.967493,0.0025989999,nan,0.0663439999,0.005,0.0069,-0.0006225947572410551,nan,13,1,93.9,3034.0,3,87.0,101,91,0.901
265,triples_eth,TripleS,Rare,40.27530821482167,42.652130022208766,32.92091242067775,59.28501730827312,20.84816426076066,1434.9458,3,0.847145827254928,0.8642938123446062,0,1831.0,1315.946035,0.00104,0.05,0.033291,0.0045,0.006,-0.00043097790690550786,48.07692307692309,9,2,58.1,4545.0,2,96.0,86,79,0.9186
266,AlphaWolfPRMR,AlphaWolf,Rare,40.20477329114909,58.65631940238238,22.380493542345565,29.225698719884768,35.346549337551906,2353.325455,5,0.8858090094800483,0.6543768695970009,1,2867.0,1105.475106,0.00159,0.02,0.038549,0.001399,0.003,-0.0002369928452936957,12.578616352201257,5,1,4.1,6141.0,3,28.0,87,80,0.9195
267,SwannyNFT,Prince Swanny👑🪖,Rare,40.16844102974755,44.74555824752675,23.63620159096413,51.32395511465279,40.64250873376837,1327.746138,2,0.9558062611658869,0.7139317567450549,0,2628.0,1142.623224,0.0011999,0.0126,0.02499,0.0014,0.00234,4.062070815836268e-05,10.500875072922744,9,3,25.6,12793.0,2,1989.0,73,68,0.9315
268,coinempress,vana,Rare,39.91555142295047,47.462497476277,29.381630401154,56.99397114513394,14.57567068749588,1395.736976,2,0.9589457757504235,0.7833163882069865,0,2334.0,1198.596777,0.003,0.1,0.0303,0.0015,0.005,-0.0003502344432960883,33.333333333333336,6,1,90.0,5896.0,1,1888.0,78,74,0.9487
269,Daco1008,Daco,Rare,39.82133740935872,30.898142539874826,56.34798878034488,31.111005273795975,47.68588095708918,459.79586800000004,3,0.8515678500305385,0.6886394146279925,0,24065.0,174.134221,0.0019,0.019,0.08300978999999,0.003,0.004,-0.000816342537513907,10.0,19,1,56.8,10945.0,3,611.0,83,79,0.9518
270,Oxxyy13,Oxxyy,Rare,39.73159830042846,41.33257621643448,48.25090025444617,21.955538647399113,44.96490013842199,900.397707,5,0.8637893993489509,0.6409579818586638,0,12048.0,431.576331,0.00139,0.00788,0.09761700000000001,0.002988,0.004,-0.0020845418627316106,5.669064748201439,13,1,10.2,6616.0,4,110.0,84,77,0.9167
271,Nick_Researcher,Nick Research,Rare,39.609309003105345,44.06566727236018,23.010976929842368,39.715731942476125,55.24767648803638,1393.575599,2,0.9488189827715481,0.6674041142190928,0,2182.0,1229.314428,0.00999,nan,0.0009,0.0009,nan,nan,nan,0,1,32.7,10498.0,4,2182.0,10,9,0.9
272,yulikay,Yuli Kay,Rare,39.340863282748614,27.379366040783363,55.11585855590874,41.50846827591014,42.05639048184035,539.78142,3,0.857231196107052,0.3724801229384364,0,11517.0,450.937957,0.0017999,0.02,0.119472899,0.008,0.012,-0.0013757622675351071,11.111728429357187,8,1,79.5,13754.0,2,615.0,89,83,0.9326
273,Mide_ox,X,Rare,38.799121158521544,40.3894104583081,44.84510389622719,32.94459029342751,32.28775294970668,854.995494,5,0.8666294621289452,0.6177351965280609,0,10204.0,507.590545,0.0098,nan,0.022799999999999997,0.0125,nan,-0.0023210053314232874,nan,2,1,46.8,8902.0,2,383.0,17,15,0.8824
274,CuzmanovS,Sasha Cuzmanov,Rare,38.737686558112344,48.73536240662225,36.76500228117294,12.758241758241759,50.00428449014567,1256.0633799999998,9,0.8255575426330961,0.32069172393377227,2,nan,nan,0.001,0.00676,0.047571009999990005,0.0024,0.0029,4.853366159970244e-05,6.760000000000001,11,1,0.3,1471.0,7,20.0,56,50,0.8929
275,Jakeronthia_,Jake,Rare,38.57698946458135,34.37578235412881,56.97508498370676,22.72184791952234,40.256904620657835,648.336091,2,0.9075333691881031,0.7718905777530085,0,11385.0,455.909434,0.006,nan,0.0452749,0.009,0.0035,-0.0002250184008037036,nan,7,1,10.5,12451.0,2,1951.0,79,71,0.8987
276,LucBerkefeld,Luc,Rare,38.45641769028097,30.188471633353522,36.19208563268833,39.52530608925958,62.85297607277042,526.2235079999999,1,0.8900451731637945,0.9551594482846285,0,9858.0,523.531471,0.003196,0.1,0.043159799900000004,0.0014,0.004,-0.0006693973877747433,31.289111389236545,10,1,70.1,29754.0,3,9858.0,80,74,0.925
277,MalayAhmad,Ahmad Malay 💎🔊,Rare,38.3959808895189,46.58560468402989,47.879474958614566,2.9435564435564436,48.021059916946804,1921.6059229999998,3,0.8756155326645917,0.7681015091243281,0,nan,nan,0.0015,0.0149,0.06141800000000001,0.002,0.004,-0.0002854953739881704,9.933333333333334,18,0,2.6,2558.0,6,43.0,88,81,0.9205
278,Sinsonx,Sins,Rare,38.20815265073277,37.83797698364627,35.96672844573091,45.80497990381711,32.8018917671874,1429.53603,3,0.8628839398765226,0.5864449425544642,0,1703.0,1350.461895,0.00149,0.0032,0.05813673803000001,0.0015,0.0033,-0.0008731440693743446,2.1476510067114094,12,1,53.7,9029.0,2,303.0,97,85,0.8763
279,connetwitheasy,𝐞𝐢𝐳𝐳𝐢𝐞🍡,Rare,38.190658303858484,47.838431253785586,31.21646468708623,28.701838858815606,36.73867905873047,1354.321058,2,0.9532145254125488,0.8559883075079233,0,7071.0,684.79451,0.0012,0.02,0.04301400000000001,0.001983,0.0033,-0.0004812743652249383,16.666666666666668,10,1,18.9,2543.0,4,495.0,91,83,0.9121
280,N3XTTT,N3XT,Rare,38.18912659883103,22.227993135473447,58.6548572099793,39.604360755523544,44.75561927361413,161.217915,2,0.7481766524764685,0.9104390231110789,0,31795.0,95.324646,0.00339999999996,0.0385,0.09114899000009,0.0014,0.0045,0.015192696485045471,11.323529411897923,11,1,85.7,16943.0,2,5017.0,86,79,0.9186
281,greenknight_sol,GreenKnight (DKS),Rare,38.17952453449191,54.54149000605693,37.458760187973986,20.222678484306392,19.691351921429042,1443.900603,3,0.9402141579616998,0.7531571916091967,1,13004.0,399.767891,0.0043999999,0.00533,0.03739899999999,0.00139999999999,0.005,-0.0006154980702914654,1.2113636638946288,10,1,6.4,3421.0,2,32.0,51,46,0.902
282,Dbiljonaire,DB,Rare,37.990922168234796,36.453210175651115,31.338182766902914,34.87739005180866,57.33076263924593,941.6768870000001,5,0.781624793011084,0.5465769935091448,0,17831.0,284.63629,0.0013,0.035,0.05991200000000001,0.0015,0.0056,-0.0022184247087878224,26.923076923076927,11,1,66.0,5760.0,7,139.0,96,90,0.9375
283,henwyeth,Henwy,Rare,37.879321874486806,50.11190187764991,24.05885077807879,29.328009200102223,39.69497725924461,1663.550481,5,0.8578434842372544,0.5543761715458945,1,2067.0,1252.604541,0.00099999999999,0.01447,0.028274,0.001875,0.003,-0.00027133756375461034,14.470000000144701,9,1,0.3,4676.0,4,62.0,47,41,0.8723
284,0xumutcan,umutcan ✳️,Rare,37.44744522493427,29.367555017161315,42.36832747519623,42.09092070719978,44.60104805220487,594.349291,4,0.7952972481677849,0.4545412480121988,0,13516.0,381.338579,0.0032,0.00309999999989,0.05459,0.0021,0.0095,-0.00030938714508589604,0.968749999965625,6,1,82.4,9808.0,3,546.0,81,77,0.9506
285,hankisinvesting,Henry,Rare,37.33666102535935,44.42085604684029,26.679503547404877,43.36123179146435,28.174642409860915,1327.442072,3,0.9462595482020569,0.43574045692861735,0,2667.0,1136.348747,0.001,0.0055,0.03112,0.0021,0.0033,-0.0005747099325281438,5.5,10,1,54.5,7197.0,2,255.0,75,70,0.9333
286,flyest,IB 💸,Rare,37.01786703903647,31.476731273975368,52.87301834947562,43.37762818576772,16.889295366159118,786.311354,2,0.8190793529303796,0.9169481018135416,0,6180.0,746.318788,0.001289,nan,0.13294000000000006,0.0016,0.004,-6.376409650646831e-05,nan,16,11,6.9,6773.0,1,6180.0,92,75,0.8152
287,xeetdotai,xeet,Rare,36.94202967556103,12.749444780940845,74.7424944907506,26.31668331668332,52.62194318106914,50.16262849305449,1,0.8789984852534973,0.0,0,nan,nan,0.02,nan,0.78739699999,0.04,0.069,-0.01812671656182098,nan,8,1,46.8,95855.0,1,4074.0,66,59,0.8939
288,shannholmberg,Shann³,Rare,36.87829754966657,41.71799919240864,24.04221867349408,34.733173802941245,48.22605629160899,890.368734,2,0.9292267869745903,0.8863405708344845,0,9455.0,545.441647,0.003289,0.00999999999998,0.033580000000000006,0.0012,0.0045,-0.0010862821433061255,3.0404378230404383,5,1,51.9,20215.0,2,1215.0,66,62,0.9394
289,Danny7xEth,danny7x.eth,Rare,36.769140272099406,32.03240460327075,45.52511486443959,28.18681318681319,46.250247182123786,189.145222,3,0.9041111715841582,0.39584113893409345,1,nan,nan,0.01668,0.03,0.017099999999999997,0.0024,0.0024,0.0006562723165052123,1.7985611510791366,3,1,54.5,7034.0,4,147.0,69,62,0.8986
290,MeetAminX,Amin𝕏,Rare,36.70199099789076,45.649404401372905,37.41523523322278,24.79312547917199,27.53196888801002,1197.961337,3,0.9204659289309451,0.7525306714739696,0,4396.0,904.477638,0.00109999,0.017,0.04424000000000001,0.0024,0.0042,-0.0003661138444678914,15.454685951690472,15,1,0.3,6973.0,2,468.0,75,69,0.92
291,Elminselimov5,el1000.mega | ∑:,Rare,36.536990067732276,31.919947506561684,48.654487369303354,33.61832934507353,32.544822358447036,823.845292,3,0.8499713743575752,0.5797282826330573,0,7197.0,675.866945,0.0013,0.02,0.05500200000000001,0.0049,0.005,-0.00047084717422468485,15.384615384615385,15,1,41.9,8935.0,2,974.0,65,60,0.9231
292,FourVork,Praetor,Rare,36.42492797065502,49.894054108621035,28.116216895586053,34.717091048486395,16.63222595741876,1656.915792,2,0.9707927216099348,0.7507666625255234,0,4188.0,925.898251,0.0013,0.0032,0.058429,0.0014,0.012,-0.0014512717169514805,2.4615384615384617,9,1,30.2,6678.0,1,394.0,93,80,0.8602
293,sirceen,ceen,Rare,36.26028797833314,16.155612759943466,61.58932805044131,49.11807378667844,30.5139740293982,266.770866,2,0.7761640139906252,0.4132315210148066,0,21624.0,216.064479,0.003,nan,0.08260100000000001,0.003,0.0055,0.010895838709626671,nan,8,2,73.9,12590.0,1,6952.0,78,75,0.9615
294,IbraTheDabra,Ibracadabra,Rare,36.047342388508085,31.49369069250959,40.16683641164925,35.672014032479154,41.82502801397403,690.9415660000001,2,0.9045431070273426,0.6302262057350883,0,8574.0,589.826395,0.0020399,0.05,0.0503699,0.002,0.0039999,-0.001097006261557701,24.51100544144321,12,1,53.2,25877.0,1,3208.0,94,90,0.9574
295,Potterplays1,Potter🧙‍♂️,Rare,35.98166897183229,29.750858065818694,49.9218130003682,21.54561717352415,48.61166040471953,615.795605,3,0.8739350272254797,0.457399120449595,0,10923.0,476.516858,0.0041,0.01998,0.04928899999995,0.0025,0.00799899999995,-0.0014523744434292156,4.873170731707317,15,1,7.2,20669.0,2,131.0,70,65,0.9286
296,hannahhughes,Hannah Hughes,Rare,35.813437437186536,21.837876034726428,54.05340191480913,36.07030759937737,42.33916683145475,266.69241,1,0.7904745970665328,0.9704482853486532,0,18785.0,266.69241,0.004879,nan,0.066788,0.005,0.025,-0.0004940428562364112,nan,3,1,70.6,29350.0,1,18785.0,90,83,0.9222
297,LostSnow_Rin,Lost Snow (villain arc),Rare,35.74399721378991,24.917676155865134,49.09731436738612,52.62879562298167,19.84559356667326,589.812264,2,0.8741344160704583,0.5249693017431497,0,9798.0,526.255521,0.001899,0.007,0.056310000000000006,0.0018,0.013,0.001416800348028835,3.686150605581885,15,2,72.6,7588.0,1,4796.0,77,70,0.9091
298,Sonika_KK,Sofia,Common,35.715604585452596,25.32031092267313,63.137087169666245,27.615384615384617,28.534210005932373,122.32542600000001,1,0.9064718286851406,0.838590407927168,0,nan,nan,0.0099,0.0041,0.06548,0.0022,0.00528,0.0005929141881161153,0.41414141414141414,9,1,52.2,2675.0,3,3149.0,95,88,0.9263
299,ghostdotxyz,Ghost,Common,35.5861628772852,35.172370280638,39.536487784596915,37.22728434356341,27.91757300112056,989.4734579999999,2,0.9136826117828004,0.6136183840215726,0,4291.0,915.188468,0.00233,0.299999999,0.04912899999998001,0.0018,0.0032,-0.00022482012887372767,128.7553643776824,9,1,42.2,7138.0,2,4201.0,86,79,0.9186
300,frostyz,Frostyz,Common,35.353201839786195,34.15127195639006,47.744151901200354,33.99548126292312,19.717058862303077,1041.7112809999999,2,0.9111269231073307,0.5347604662113145,0,3772.0,973.946541,0.00299,0.02,0.04535000000000001,0.004,0.008,-0.0002508785263185538,6.688963210702341,9,1,25.1,7559.0,1,3772.0,68,65,0.9559
301,jyp_nft,JYP,Common,35.25297289192616,31.088885523924894,41.81609324783471,32.9546325767256,38.483125700349355,999.570425,2,0.8948616140501124,0.4896286770534936,0,4047.0,942.137167,0.0041,nan,0.05123519999997,0.0015,0.0069,0.000536920592451292,nan,6,1,20.2,20638.0,1,4047.0,79,73,0.9241
302,Oxydo11,Maragkos Petros (MDX),Common,35.19019747379082,32.95674338784575,36.9435759109511,41.95584067095695,29.20292004482236,687.393836,2,0.9084226230349588,0.6624713807081858,0,9058.0,565.271718,0.001,0.015,0.08372999999993001,0.0015,0.0045,-0.0008535894389654747,15.0,11,1,75.4,7435.0,2,2765.0,90,84,0.9333
303,ZKernaut,ZK-Messirve ✳️,Common,35.186449590934885,38.96759539672925,42.07649156180313,40.446553446553445,6.606519016544723,455.08469599999995,1,0.9686147186147186,0.9512508563557935,0,nan,nan,0.00239,0.0189,0.02782,0.0024,0.0033,-0.00022066675555102653,7.907949790794978,13,1,87.7,1328.0,1,145.0,79,74,0.9367
304,0xkovv,Kov (effort arc),Common,34.98157763467807,34.23182919442762,32.34645369516714,33.21565643658667,43.72734163865269,686.4458380000001,2,0.8825849451419885,0.8980370588912227,0,8099.0,617.362109,0.00199,0.038,0.034350000000000006,0.0015,0.0069,-0.00026683620359932707,19.09547738693467,10,1,42.2,15521.0,2,4865.0,78,75,0.9615
305,PixassoHQ,Pix 🎨,Common,34.839574836077226,37.10079749646678,32.18953057968456,29.10420974374463,40.87354162546965,671.962713,2,0.9160078741909669,0.6377191397975126,1,9540.0,540.785911,0.0015,0.01,0.052868,0.0015,0.00944,0.0025871212826141395,6.666666666666667,4,1,28.4,8191.0,3,25.0,90,87,0.9667
306,DaSpookyMan,Spooky,Common,34.636911491863465,33.491772663032506,33.844010424100425,42.66861626745347,28.303177114231097,886.4869699999999,2,0.9205403600135129,0.5206939213124042,0,5844.0,770.496642,0.00537,nan,0.02169,0.0015,nan,0.00016198443372490053,nan,3,1,68.5,7206.0,2,3156.0,85,79,0.9294
307,CryptoeJammin,Cryptoe Jammin,Common,34.30454946658281,29.195235210983245,47.73437422195473,26.183188904119138,36.37482697251335,169.15105699999998,3,0.6655387457541814,0.7983260729379174,1,33888.0,80.040964,0.002,0.04,0.062273900000000014,0.003,0.0038479,-0.002336731259242545,20.0,14,1,43.5,6575.0,3,108.0,86,83,0.9651
308,the_jujukey,JUJU ☀️·,Common,33.935687307722574,19.851251766606097,54.046026643301985,44.93137676277212,23.31603058466812,444.09439399999997,2,0.8225352997473714,0.44788304283561653,0,13192.0,392.741387,0.00139999,0.005,0.061810000000000004,0.0044,0.005,0.0101800847930034,3.57145408181487,10,1,87.2,9354.0,1,6996.0,95,88,0.9263
309,DoggfatherCrew,Doggfather,Common,33.8774895941688,24.05668281849384,40.22425925356347,33.281799595753085,50.282611561531866,360.54342999999994,2,0.8449033128482512,0.6806425956481104,0,19276.0,257.652519,0.00299,nan,0.0500409,0.0014,0.0039999,0.0016860391907963185,nan,8,1,62.7,23887.0,2,3205.0,78,73,0.9359
310,EscanorDz100,ESCANOR ⨀⚡️,Common,33.86296612722488,39.69261053906723,26.74586112306173,19.999483075064475,48.663733438797706,881.90431,4,0.8011657107923469,0.5841120147350851,2,35511.0,69.783995,0.0015,0.01,0.03549,0.0015,0.0039,-0.0002551986989611482,6.666666666666667,8,1,18.7,2872.0,6,195.0,76,70,0.9211
311,0xChvd,Jay,Common,33.53772582510444,36.40758126388048,31.977406983834975,24.082917082917085,41.0917210467339,1288.541866,2,0.8405397398200125,0.8971271487275571,0,nan,nan,0.0011998697,0.00999999999998,0.055240000000000004,0.0018,0.0034,-8.76485296419232e-05,8.334238292691282,7,1,37.1,1099.0,5,132.0,88,79,0.8977
312,chefgoose,Chef Goose,Common,33.496381791103516,29.634867756915003,50.578359528163226,24.22456613154288,27.686210533254233,606.1089000000001,3,0.8277135312524804,0.6424465447539882,0,11983.0,433.877716,0.00389,0.00299999999999,0.06310088999999,0.001493,0.0069,-0.0005982506175688386,0.771208226218509,16,1,15.9,10969.0,1,685.0,79,74,0.9367
313,Drewfromweb3,Drew,Common,33.2796083566752,27.044972743791643,26.292757264447232,46.200479752805336,44.322226616571086,514.805426,2,0.8561415425798895,0.46348425855425873,1,11570.0,449.282506,0.00131,0.0239,0.024781886000000003,0.001588886,0.0033,0.00024142232404924046,18.244274809160306,8,1,88.2,6379.0,4,238.0,86,81,0.9419
314,Shtihmas11,Shtihmas 🫎 π²,Common,33.27577947719647,31.19937411669695,56.32411588914332,14.545564900216064,25.372585854590994,590.994871,1,0.8943505660587809,0.9690598357966251,0,9472.0,544.198437,0.001188999,0.00309999999989,0.09044899999999002,0.0022,0.0035,0.006136628028650462,2.6072351615855016,20,0,15.3,10093.0,1,9472.0,63,58,0.9206
315,MasterChiefNFTs,MasterChief 🩸,Common,33.25902310170282,22.536896830203915,41.49340174878999,36.44338219919615,43.88158328389691,412.622854,2,0.850020203030305,0.5643650390722577,0,14761.0,345.426987,0.0026,nan,0.061480000000000014,0.0027,0.0069,-0.0013719102788679975,nan,7,1,68.0,32671.0,1,4556.0,94,84,0.8936
316,InfinityGlock99,InfinityGlock,Common,33.041527913637104,16.56879668887543,60.733073128343655,28.756656134563116,36.52939819392262,250.516206,2,0.7846443721793482,0.44734682583454644,0,23384.0,185.587421,0.0011999,nan,0.083657,0.005,0.0045,0.005646730786018964,nan,13,1,47.6,10422.0,2,5720.0,94,91,0.9681
317,Nxtlvl,NXTLVL👑️.eth | Polygon Labs,Common,33.005261421247226,33.776246719160106,34.72407781514605,36.87089654531515,22.930426471557574,892.0533330000001,2,0.9098298265958203,0.6075459610826883,0,5336.0,813.687317,0.0019,0.1,0.0442289,0.0019,0.0039999,-0.001599923131919439,52.631578947368425,13,1,45.8,9092.0,1,4068.0,84,76,0.9048
318,Riowgmi,Rio👾,Common,32.9885921219566,28.540430042398548,41.6553868305149,35.33669237739005,27.274899479269656,932.653984,2,0.7682751312983294,0.7628019741326375,0,4428.0,901.256366,0.0015,0.03,0.06082989900000001,0.0015,0.008,-0.00047987474308581817,20.0,15,1,34.0,6875.0,2,4428.0,80,74,0.925
319,solfrater_sol,SolFrater,Common,32.78973574509858,21.156925095901475,47.92397961504819,29.947052947052946,42.377068090435706,201.70685600000002,2,0.8834103890152694,0.46909488580790537,0,nan,nan,0.002,0.007,0.09801,0.0015,0.005,-0.0008146833488819882,3.5,12,2,12.5,1728.0,5,157.0,101,90,0.8911
320,T_A_K_E_N_1,Taken🎒,Common,32.671428707639386,38.428528164748634,21.871325485593935,22.432509351114003,48.97122800079099,756.457438,4,0.8846623999715335,0.607382471308747,0,10260.0,504.9553,0.0016,0.0037,0.031529,0.00158,0.0033,-0.0010801980740630978,2.3125,7,1,8.2,11619.0,3,154.0,64,61,0.9531
321,SHGFees,Superhighgasfees ❤️,Common,32.59500196437486,19.118059761760545,67.97500450472344,16.595451060567342,30.89957814250873,368.401517,2,0.8115607273603731,0.46348955036939865,0,16446.0,316.774885,0.007,0.0439,0.055978999999989995,0.008,0.0082,0.005567306987946915,6.271428571428571,8,1,0.3,13118.0,1,6513.0,64,58,0.9063
322,OGLemur,Lemur,Common,32.37107985083384,21.97062386432465,40.918194758189216,25.641358641358643,54.833399248566344,159.14061099999998,3,0.6416341457465561,0.32402741850242633,1,nan,nan,0.0080999,0.035,0.038425,0.002,0.0035,-0.00041070106280122464,4.321041000506179,3,1,43.7,6079.0,6,239.0,78,74,0.9487
323,coperto_xbt,Coperto,Common,32.32692597858673,22.400161518271755,57.53871945535781,38.992007992008,7.891866060246523,100.469417,1,0.8980961715524667,0.7667863782311779,0,nan,nan,0.001681,0.00999999999998,0.0837017999,0.0029,0.0029,-0.00016768453656949028,5.948839976192743,17,1,85.9,2435.0,1,3431.0,103,94,0.9126
324,moneyfet1sh,moneyfet1sh,Common,32.309161358571394,28.278417120936805,39.28105921837637,29.95614269451479,34.57534111133083,845.113277,3,0.791091036998433,0.4653447698859361,0,6056.0,755.471398,0.00199,0.03,0.047422,0.0018,0.005,-0.0008717208764515168,15.07537688442211,15,1,19.4,5866.0,3,162.0,63,56,0.8889
325,0xTama_,Tama,Common,32.301445628101526,19.249394306480923,50.23055943376216,28.81018981018981,41.88006723353767,181.144292,2,0.8275686467145971,0.6362496953850498,0,nan,nan,0.006,0.0095,0.08823100000000002,0.0016,0.0068,-0.0017926588130152382,1.5833333333333333,8,1,56.5,5336.0,4,1047.0,84,80,0.9524
326,depressivehacks,depressivehacks,Common,32.230086417392116,28.859731475873208,37.36452715314586,24.64045257068513,42.77981016412893,666.305558,2,0.8915070349494262,0.595921370772449,0,8941.0,571.082143,0.001,0.00499999999998,0.058309,0.0015,0.0045,-0.0004095522678827423,4.999999999979999,21,1,10.5,5805.0,4,3948.0,77,69,0.8961
327,dachshundwizard,DachshundWizard 🧙‍♂️,Common,32.01212788829331,35.868917827579246,0.5259053661115517,36.187643751597236,68.63703776942852,1880.90091,2,0.8651909542133736,0.5337513980038421,0,683.0,1856.807375,nan,nan,0.002,0.001,nan,nan,nan,2,1,3.3,49965.0,3,393.0,20,19,0.95
328,twenty3ry,Twenty3ry,Common,31.662895586848414,32.4399353926913,37.60473894863439,20.706293706293707,34.296519675697056,440.64524400000005,3,0.8787809706397162,0.7060150003521789,0,nan,nan,0.00119699,0.0034999,0.0969289,0.0016,0.0035,-0.0014635795004389592,2.9239174930450544,10,1,24.6,906.0,4,271.0,79,73,0.9241
329,djDriverless,Beamish,Common,31.505133588080913,28.902483343428226,41.21134183150344,30.835182259600867,23.1617889394239,656.7913490000001,3,0.7955009871577982,0.6363504116939688,0,9609.0,537.393724,0.00119,0.0045,0.06739,0.0013,0.0035,0.0006328844556790657,3.7815126050420163,13,1,34.8,5304.0,2,1753.0,70,59,0.8429
330,iiamthatguyy,Anthony prev (The Honored One),Common,31.49506104819274,33.53462547950737,41.43345127015674,34.044955044955046,6.092380199064003,210.948977,1,0.9472214796994267,0.9207232242509067,0,nan,nan,0.00119897,nan,0.026296970000000003,0.006,nan,-0.000458684672550122,nan,17,6,10.7,1189.0,1,1777.0,1,0,0.0
331,Telcier,Telcier,Common,31.44730585228569,21.530234201494043,41.32992855529052,44.25541899960504,24.344308219629553,352.29262500000004,2,0.8384718261210331,0.5829389930882338,0,18504.0,272.250109,0.003,0.015,0.05136,0.003,0.01,-0.0017343551402156229,5.0,8,2,56.0,9713.0,1,3928.0,90,83,0.9222
332,0xbeiu,Beiu,Common,31.374572480630015,26.11195235210983,61.32890372235233,14.472527472527474,18.020400764616703,113.73584799999999,1,0.9089370043660341,0.8761542525975788,0,nan,nan,0.003,0.00349999999998,0.065889,0.0024,0.004,0.0010328075624757614,1.16666666666,16,1,3.3,2519.0,2,3066.0,71,67,0.9437
333,mountalba,mountalba,Common,31.322174837109802,23.67994144962649,36.95062106314177,26.556263503937924,48.675268604574526,292.854143,2,0.8109877348054729,0.7774171349499932,0,24247.0,171.085145,0.00089,0.01,0.06207,0.003,0.0035,-0.0016489501478013499,11.235955056179776,11,1,39.9,5344.0,5,3622.0,97,85,0.8763
334,xFactorPOL,xFactor,Common,31.100390415719126,24.85887341005451,30.805724156160167,39.61032572079083,36.88896578999407,422.407691,3,0.7778932417259125,0.557354906439096,0,15154.0,336.545975,0.00178,0.0058,0.030889999999999994,0.0015,0.0031,-0.0001914831807997563,3.258426966292135,10,1,78.8,6749.0,3,950.0,76,72,0.9474
335,Allenbaez126,ALLEN 🐺,Common,30.883375642820265,18.137643852210783,48.64765408393812,27.62134958065191,39.61423109880693,323.975347,2,0.7925214599771666,0.4841531429269367,0,18422.0,272.912705,0.0012989,0.0299,0.11240000000000003,0.0019,0.0035,0.009245195606604646,23.019478019862962,7,1,39.6,11928.0,2,7053.0,56,51,0.9107
336,DWDrummer_eth,DWdrummer,Common,30.498550208638534,15.800070664243894,51.63679051888823,25.225774225774227,41.49446312042713,173.046052,2,0.7702729938094814,0.5289208418333629,0,nan,nan,0.003,0.1,0.07065000000000002,0.003,0.01,-0.0015251779976546375,33.333333333333336,10,1,43.0,5261.0,4,1430.0,79,72,0.9114
337,CelticMatheus,Matheus Celtic,Common,30.14996706199753,40.75045427013931,0.9230769230769231,18.8345259391771,65.68073956891438,1650.7296629999998,3,0.8683248211485766,0.6356283799046115,0,1344.0,1471.674746,nan,nan,0.011349,nan,0.008849,nan,nan,2,0,nan,37578.0,3,860.0,1,0,0.0
338,byshagrath_,Shagrath,Common,29.931691406267028,13.019634564910154,36.8637102389291,55.54095904095904,29.331454749192538,127.86588600000002,2,0.7579324898274377,0.019038836060649045,0,nan,nan,0.0019799,0.008,0.05147,0.0027,0.0093,-0.0010564463881596528,4.0406081115207835,8,3,88.5,7452.0,2,577.0,85,78,0.9176
339,evans1vn,evans,Common,29.652112512574057,14.914445790430042,36.450577458727125,35.522814394907414,49.79417968492518,198.023548,2,0.7727533236709216,0.4261809023183539,0,27034.0,138.879694,0.0013,0.00609999999999,0.037300000000000014,0.004,0.0035,-0.00039162717317789387,4.6923076923,9,1,73.9,60341.0,1,5150.0,90,84,0.9333
340,bearish_af,BEARISH,Common,29.56716568572714,4.032051282051282,63.42519678299017,26.31668331668332,45.56472875881616,0.0,0,nan,nan,0,nan,nan,nan,nan,0.543729,0.015,0.03,0.00032727201795604445,nan,10,1,46.8,66669.0,0,nan,61,55,0.9016
341,ryannnsmit,Ryan,Common,29.465200096682246,16.99298405007066,44.78975241398192,20.142415723811073,49.61390152264188,233.04323,2,0.7835591350496187,0.5135913928730869,0,29783.0,111.94535,0.006199999,0.012,0.06386999999999998,0.0014,0.0045,-0.0002521263839597774,1.9354841831426102,4,1,16.4,11886.0,3,3390.0,83,74,0.8916
342,bigwil,bigwil,Common,29.410701170560472,39.832374318594795,0.057692307692307696,43.75635411100528,31.41371695998945,1206.493692,2,0.9308710636409343,0.6469724641666796,0,2788.0,1118.114412,nan,nan,0.0,nan,nan,nan,nan,0,1,56.8,13388.0,1,2788.0,18,17,0.9444
343,yvohvn,yv,Common,29.388406945727034,28.96320411871593,42.47454737300369,24.238761238761242,15.578241381583284,202.030832,2,0.9265077981848895,0.6424620526711415,0,nan,nan,0.00099,0.0039999,0.067617,0.00169,0.004849,-0.00035249828207435267,4.04030303030303,24,1,37.9,849.0,2,379.0,85,75,0.8824
344,nashahmed3,Nash,Common,29.132362082042157,25.944629517464165,35.686993759332275,28.109948191343545,28.07181464636477,689.83542,2,0.8705751784565398,0.5080011110624134,0,7800.0,635.223382,0.0029,nan,0.0075,0.0029,nan,0.0019097490082804205,nan,1,1,18.7,11152.0,1,5786.0,12,11,0.9167
345,krpisoweb3,krp,Common,29.034607276358315,17.899707248132444,48.42338157938118,25.51571684129824,31.10490409333597,365.330696,2,0.748616653322624,0.5142494130873763,0,15108.0,337.519213,0.005,0.004749,0.08833800000000001,0.0012,0.004848,-0.007723538505704698,0.9498,12,1,26.3,4597.0,3,11254.0,76,73,0.9605
346,BlueWolfNFTs,Blue 💙🐺🐐,Common,29.02495025931963,19.428780537048254,47.44003053884653,28.998123969054205,23.958704106519015,411.229536,2,0.8279824683423537,0.41583982845154593,0,14255.0,358.650123,0.0023,0.0089,0.066517,0.0015,0.00409,-5.076325767512842e-05,3.869565217391304,11,1,39.9,9640.0,1,6230.0,81,75,0.9259
347,0xasrequired,as required (LI.FI/Jumper),Common,28.733670031035746,28.37068443367656,43.29518006319431,24.768284041539857,10.719629556390482,491.593557,1,0.880910155596453,0.9200413264562138,0,10677.0,486.480619,0.002,0.0039999,0.05817,0.0018,0.0035,-0.001115012185515295,1.99995,15,1,15.3,4434.0,1,10677.0,71,60,0.8451
348,darkanft,D A R K A,Common,28.650577001778725,15.94690086816071,50.66961922688853,27.489010989010985,27.377397666600753,33.041158,1,0.6801508806320353,0.9281716736031975,0,nan,nan,0.0019,0.0039999,0.09906299899,0.0025,0.00389,-0.0011236897909026038,2.105210526315789,11,3,0.3,1764.0,3,10769.0,76,70,0.9211
349,0xAmne,Amne,Common,28.623188850188555,23.999394306480923,33.10249839328429,26.22630276700044,36.68363983916683,344.280834,1,0.8347219898499805,0.9374315039564474,0,14818.0,344.280834,0.0015999,0.00799999999998,0.045927999999970014,0.00135,0.003,3.391855556297714e-05,5.00031251951997,10,1,28.4,18571.0,1,14818.0,73,66,0.9041
350,Nadir_Nfts,NADIR || Community Builder,Common,28.614741399968754,22.12118917827579,46.4582182199012,21.825517505750064,25.244051150220812,405.001469,2,0.8543023693848983,0.5233107917183076,0,15961.0,322.267702,0.00489,0.0489,0.060758999999999994,0.002,0.005,-0.0012297080975675093,10.0,8,1,14.1,10086.0,1,3817.0,69,63,0.913
351,Love2Ideate,Ｒ��ｃｋ 🪨💡,Common,28.526118935334424,12.760852008883505,32.47787472122817,60.85614385614386,20.8738712016347,71.35487700000002,1,0.8672072232617541,0.04272081047513863,0,nan,nan,0.0013,nan,0.0387799,0.002,0.0035,-0.00036722559220459184,nan,10,2,98.2,8273.0,1,4471.0,87,79,0.908
352,bitrusxbt,bitrusxbt,Common,28.183736066870683,28.93438320209974,29.204305843973437,14.472527472527474,42.762672203546245,292.200983,3,0.8514376135458556,0.35493548857687324,1,nan,nan,0.0014,0.03,0.044839999999990006,0.0014,0.005,-0.0004371806315755805,21.428571428571427,10,1,3.3,2011.0,5,424.0,95,84,0.8842
353,zera_chielo,Zera | ∑:,Common,28.062013515743814,21.04002624671916,34.91090185208215,30.934699021908326,31.542251664359632,296.586073,2,0.8202841415720672,0.6394471970932567,0,25866.0,151.699976,0.001099,0.0055,0.0853869,0.0014,0.0032999,-0.0013442251409492019,5.004549590536851,11,1,57.8,13516.0,1,2388.0,82,77,0.939
354,LaraTheRudeDuck,Lara (Trader arc),Common,28.00839432160229,16.039168180900464,37.390460623975855,46.55344655344655,19.562817217058864,58.004391999999996,1,0.5556410685405164,0.9221171694133801,0,39839.0,47.766664,0.0019,0.08,0.0556279,0.0018,0.00409,-0.0006467833914758555,42.10526315789474,9,4,63.7,3394.0,2,39839.0,88,76,0.8636
355,THE_INKSOMNIA,Seinde,Common,27.993873855549154,29.124470018170804,25.411023443747652,22.270398206444717,36.915002307033156,229.0351,3,0.7203828924557233,0.9436121617668305,0,33285.0,84.359988,0.001199,0.0199,0.044567999999999997,0.00139,0.004699,-0.0006240008602059275,16.59716430358632,10,1,26.6,10637.0,2,1698.0,58,53,0.9138
356,dustinvibes,dustinvibes,Common,27.951827477916005,9.208661417322833,27.21852328182118,68.67482517482517,24.858447037110274,70.64455000000001,1,0.8064985595057769,0.0,0,nan,nan,nan,0.039,0.03339999999998,0.003,0.00499999999998,0.0021564563862811782,nan,2,7,99.5,10034.0,1,6515.0,81,72,0.8889
357,0xSanixxx,Sanixxx (anarchy arc),Common,27.858227579424117,22.944225721784775,42.88028340021819,32.43741723392886,9.81988662579922,214.63942500000002,2,0.7880311949317851,0.8237685956494594,0,29061.0,118.1884,0.0058,0.01,0.041249,0.0016,0.005,-0.00029716717287400123,1.7241379310344829,8,1,65.2,3513.0,1,3360.0,68,64,0.9412
358,levithefirst,LΞVI,Common,27.786867217814777,26.706692913385826,45.69577498952614,19.87950421671352,11.362303078241382,544.370795,2,0.8794579305814905,0.6179744200747452,0,11698.0,444.802764,0.003299,0.003299,0.058089999999999996,0.0014,0.00479,-0.0006607794617955967,1.0,14,1,3.3,4869.0,1,3724.0,94,87,0.9255
359,Airdrops_one,Grey Ledger,Common,27.77972170159626,28.891580860084794,16.495631534037603,12.758241758241759,63.65022081603058,71.055899,1,0.9365588523567674,0.8673293216182205,0,nan,nan,nan,nan,0.00829,0.0017,nan,-0.00016580920574426643,nan,5,1,0.3,145243.0,2,2136.0,15,14,0.9333
360,stake_mm,stake_m,Common,27.750326950114008,23.134615384615383,35.257597938249134,20.415671537764563,37.32631336101773,497.945267,2,0.85337807273561,0.5256788086531867,0,11773.0,441.30145,0.001787,0.0064,0.10216900000000001,0.0015,0.0031,-0.012431716301788931,3.581421376608842,8,1,5.6,19592.0,1,5452.0,55,49,0.8909
361,mayamaster,ɱɑყɑɱɑεʂƚɾ,Common,26.547739509543078,10.330910559257017,39.834694787762956,36.6023976023976,34.24148045613341,75.798614,1,0.8261605631292881,0.07249478619046096,0,nan,nan,0.00198989,0.0052,0.04694999999999,0.0025,0.0041,-0.0016354122426218965,2.6132097754147217,14,1,80.6,16458.0,1,5853.0,82,76,0.9268
362,queenmoon1337,MOON (power up/arc),Common,26.35282062333037,15.345396729254997,33.40948463994381,31.123916780893527,37.58338276975809,198.10630099999997,2,0.7783496378518677,0.4443128833594245,0,28017.0,128.349484,0.00149999999997,0.009,0.03428,0.00199,0.0039,-0.0007871245190588656,6.00000000012,14,1,58.8,19656.0,1,4404.0,90,84,0.9333
363,Kudabajingan,Kuda 🐴,Common,26.299698896891325,26.428528164748634,17.38846717837781,28.467921613270452,37.91724342495551,627.077053,3,0.801108711515913,0.47843949380994855,0,8916.0,572.160724,0.00094,0.0079,0.04887,0.0015,0.004,-0.0011156213726263024,8.404255319148938,6,1,24.6,7040.0,3,766.0,83,77,0.9277
364,apurvajain24,Apurva Jain,Common,26.288739445425023,15.037199676963457,44.78696787856185,29.15177845410404,21.645079427855777,205.035613,2,0.7623386882581612,0.4173666465031145,0,25738.0,152.844016,0.001,0.00999999999998,0.06697789999994,0.002,0.00408,-0.0003441222849713262,9.99999999998,21,1,51.9,8677.0,1,6338.0,83,73,0.8795
365,KalkixWeb3,Kalki,Common,26.109032208776455,25.232737734706237,34.72858978791331,17.485514485514486,25.577911805418232,283.501336,2,0.8789578517895551,0.6755842812172326,0,nan,nan,0.00174,0.005949,0.038873000000000005,0.0043,0.0032,-0.0008475287066045113,3.4189655172413795,7,1,12.5,842.0,3,419.0,82,79,0.9634
366,YatMuseum,✨ 🐐 ✨,Common,26.047188613460975,9.105794467999193,64.63314753284823,0.3461538461538462,41.18235449212313,68.786296,1,0.8034690665003416,0.011228233036770313,0,nan,nan,0.00119987,0.002849,0.17495999999991999,0.009,0.00388,-0.000658762945816421,2.374423895922058,31,0,nan,24824.0,1,6617.0,84,67,0.7976
367,MatDefies,Mat,Common,26.021398602064306,12.870633959216635,28.100734070526926,31.04584369119253,50.92528508338277,114.02355299999999,2,0.6777423076240958,0.451642476840494,0,36721.0,63.272399,0.0018,0.0055,0.024179999999999997,0.0018,0.0022,0.00046052087198869584,3.0555555555555554,6,1,63.7,24530.0,2,7910.0,65,63,0.9692
368,jessyfries,jessyfries,Common,25.994203736188812,20.01801938219261,36.7757065722987,28.21354227168181,21.002405906004874,529.918576,2,0.8185185185185185,0.41921873148078537,0,10842.0,479.90696,0.003,0.003,0.04997000000000001,0.002,0.0069,-0.0005084439720538112,1.0,5,1,28.6,8291.0,1,8149.0,71,67,0.9437
369,defi_explora,m0h,Common,25.88502977471495,19.595901473854234,47.67436500149661,3.224060822898032,36.555105134796655,256.450249,1,0.7842953544141431,0.8349699017195376,0,19339.0,256.370792,0.001,0.015,0.05859989999999999,0.0035,0.0069,-0.0003000174880066939,15.0,23,0,nan,18419.0,1,19339.0,89,84,0.9438
370,AdrewXvii,ADREW from XVII.,Common,25.269476978629783,19.812386432465175,31.976579952714616,23.114478544711105,31.516544723485595,238.145898,2,0.7616376612690068,0.6930658474717942,0,36776.0,62.972888,0.0014,0.003949,0.056888879999999996,0.00165,0.004,-0.0017797371193337577,2.8207142857142857,10,1,31.5,8533.0,2,2240.0,75,69,0.92
371,jowenNFT,Jowen.eth 🔸,Common,23.85403252967176,14.754441752473248,41.88750904852136,20.782479148758217,22.159218245336497,170.142227,2,0.7584170354173758,0.47300750891038534,0,30281.0,107.926442,0.0027999,0.01334,0.046098999999989995,0.002899,0.005,-0.0018695459123947618,4.76445587342405,12,1,19.2,8890.0,1,4896.0,72,68,0.9444
372,doc_noonoo,doc_noonoo,Common,23.11408608949851,20.006561679790025,31.11354716235743,27.661640684896497,12.00497660009228,207.255983,1,0.7497852880486309,0.9517086257322763,0,22433.0,201.265405,0.004,nan,0.039577,0.002,0.0055,-0.001772843360274788,nan,4,2,0.3,5080.0,1,22433.0,68,61,0.8971
373,SHWEPPS_,SHWEPPS,Common,22.843397423556596,18.808701796890773,39.268019597528216,0.3461538461538462,36.224540241249755,170.72711300000003,3,0.7212025384893602,0.40834100464602946,0,nan,nan,0.001,0.00489999999999,0.055910980000000006,0.00179898,0.0031,-6.550929162514437e-05,4.89999999999,15,0,nan,2042.0,4,668.0,67,62,0.9254
374,imho_nft,imho,Common,22.708631093815814,21.995103977387444,33.782655156756334,18.61009920312246,11.61937248698174,232.679969,2,0.7261104561953218,0.8224601553419739,0,23026.0,191.612551,0.001249,nan,0.031726987000000005,0.0021,0.0035,0.000376921549984471,nan,10,1,9.0,5032.0,1,9796.0,48,43,0.8958
375,GaspodeWD,GaspodeWD 🎮🎙️📽️,Common,22.276003308081975,13.612305673329296,32.60739738594895,13.107078967544085,40.38543932502802,125.754764,2,0.7117823944533227,0.4700181094537891,0,36598.0,63.94576,0.00197,0.011,0.055029988999999994,0.0013,0.0039,0.0007121928620720255,5.583756345177664,5,1,0.3,12483.0,2,5664.0,50,45,0.9
376,GrafinkaVi,Vi,Common,22.07052603807401,4.032051282051282,48.86651519968908,39.61538461538461,2.11999868169534,0.0,0,nan,nan,0,nan,nan,0.001999,0.0099,0.1048195,0.0016,0.005,-0.001442903326436741,4.95247623811906,14,1,86.4,1500.0,0,nan,88,80,0.9091
377,voxelqueen,VQ,Common,21.794653306313677,22.3358570563295,12.32080284172854,17.936662175034268,41.28518225561927,277.693377,3,0.744483140530256,0.539765035782478,0,22415.0,201.515008,nan,nan,0.0031999999999999997,0.0012,nan,0.00047691524849195256,nan,0,1,6.9,13385.0,2,532.0,8,7,0.875
378,Sk0rpETH,Sk0rp.eth,Common,21.557528984329473,13.65379567938623,42.44711249423283,12.84545106056734,19.434282512688682,123.51609300000001,2,0.7105181398853118,0.4965046846178086,0,37075.0,61.543297,0.001997,nan,0.10934200000000002,0.0013,0.0042,0.00031077170201182036,nan,5,1,0.3,3258.0,2,5570.0,71,67,0.9437
379,BuzzMalx,Buzz,Common,21.448001476818938,16.803654350898448,24.82355758115998,29.55067606811793,17.40343418363984,164.348783,1,0.717037532764486,0.8421713677715945,0,25369.0,156.913962,0.0017,0.0359,0.039649000000000004,0.0015,0.005,-0.0007442880372932909,21.117647058823533,7,1,52.4,6927.0,1,25369.0,81,78,0.963
380,NF_Janner,Janner,Common,21.43119401909799,6.782556026650515,46.31163386164458,12.758241758241759,30.59076527585525,46.486746000000004,1,0.6851406338174582,0.05837108023522296,0,nan,nan,0.00099,0.005,0.08142000000000002,0.0027,0.007,-0.0008880247117012575,5.050505050505051,18,1,0.3,4148.0,3,10601.0,89,72,0.809
381,fud_berry,berry,Common,20.341866853234322,4.346153846153846,36.56619593377377,14.108891108891111,44.26718739700745,3.852729,0,nan,nan,0,nan,nan,0.001379,nan,0.03012696,0.0056,nan,0.0016146072390092834,nan,5,1,1.5,33231.0,1,nan,17,9,0.5294
382,0xBellinili,Bellinili,Common,19.999421598548828,11.574702200686453,36.261098446521,19.35564435564436,16.220914903434185,34.613278,1,0.6560634411476433,0.7158293346366195,0,nan,nan,0.00119,0.003,0.07111899999999001,0.005,0.0049,-0.0028834691811683764,2.5210084033613445,6,1,17.4,1192.0,2,11580.0,81,74,0.9136
383,bull_boiy,bull🪴,Common,19.991321810760112,14.938522107813448,38.55006956595405,17.9010989010989,5.321171972842924,25.579515999999998,1,0.6563604502658231,0.884469222732701,0,nan,nan,0.0026,nan,0.042438000000000003,0.0023,0.0035,0.0007970505726237385,nan,5,1,14.1,821.0,1,11570.0,90,78,0.8667
384,Just_Jibon,Nazrul Islam Jibon,Common,17.915710792787984,9.173531193216231,26.880858779008236,21.58941058941059,21.38801001911542,64.571303,1,0.8066470640648669,0.027618162433150434,0,nan,nan,0.0012,0.008,0.027290000000000002,0.0018,0.0027,0.0002324515616235082,6.666666666666667,8,1,27.6,8441.0,1,6510.0,65,63,0.9692
385,0xrif0,RiF0,Common,17.47506358681653,4.435897435897435,52.09925902724766,0.3461538461538462,17.377727242765804,12.903563,0,nan,nan,0,nan,nan,0.0009499,0.007,0.12538579999999996,0.0024,0.0033,-0.00042540535038200445,7.369196757553427,24,0,nan,1796.0,2,nan,94,83,0.883
386,adriadri,Adri 💜,Common,17.000101011980046,4.032051282051282,30.163207910724033,38.992007992008,0.3205128205128205,0.0,0,nan,nan,0,nan,nan,0.0029,0.02,0.044278,0.0022,0.0069,-0.0017441634360642721,6.8965517241379315,5,1,85.9,nan,0,nan,85,80,0.9412
387,juaneth77,Juan.eth,Common,16.6323831762824,4.884615384615384,22.07874313480275,12.758241758241759,44.04801924724804,50.09019599999999,0,nan,nan,0,nan,nan,0.0018,0.015,0.020999999999999998,0.0015,0.003,-0.0004233328987673931,8.333333333333334,6,1,0.3,2740.0,5,nan,74,67,0.9054
388,666Sixpaths,Sixpaths🐸,Common,16.55948636908312,6.894306480920654,28.299742624996824,18.57642357642358,20.07695603453958,52.483119,1,0.6283227895096379,0.3867526143982164,0,nan,nan,0.00094999,nan,0.04558999999998001,0.0019,0.0055,-0.0005109358584603006,nan,10,1,15.3,3667.0,2,12514.0,96,87,0.9063
389,senzer,Senzer,Common,16.433302935571515,4.032051282051282,41.56605867256229,16.602397602397605,7.389921560872718,0.0,0,nan,nan,0,nan,nan,0.00299,0.057,0.04872800000000001,0.0016,0.004,-0.00024691068082246213,19.06354515050167,10,1,9.5,5119.0,0,nan,79,69,0.8734
390,J0xhen,Jochen,Common,13.60837428966152,4.032051282051282,27.32437500402264,25.485514485514486,0.4490475248830004,0.0,0,nan,nan,0,nan,nan,0.002198,0.01,0.0432479,0.0011999,0.004,-0.0002855577446508872,4.549590536851683,6,1,43.5,305.0,0,nan,65,56,0.8615
391,LittleBladed,LittleBladed,Common,9.15192971601801,4.032051282051282,14.895198051551224,18.836163836163838,0.3205128205128205,0.0,0,nan,nan,0,nan,nan,0.001197,0.005949,0.035349,0.0014,0.0033,-0.0015479251937638083,4.969924812030076,7,1,15.6,97.0,0,nan,57,55,0.9649
